시리즈명,과목,학년,정가_원,제작원가_원부,개정판출간월
개념단단 국어 중1,국어,중1,15000,4900,
개념단단 국어 중2,국어,중2,15500,5430,
개념단단 국어 중3,국어,중3,18500,6110,2025-09
개념단단 영어 중1,영어,중1,17000,5480,2025-03
개념단단 영어 중2,영어,중2,17000,5380,
개념단단 영어 중3,영어,중3,16500,5290,
개념단단 수학 중1,수학,중1,15500,5390,
개념단단 수학 중2,수학,중2,17500,5670,2024-05
개념단단 수학 중3,수학,중3,17000,5720,
개념단단 사회 중1,사회,중1,17000,5790,
개념단단 사회 중2,사회,중2,17000,5400,
개념단단 사회 중3,사회,중3,17500,5960,
개념단단 과학 중1,과학,중1,16000,5660,
개념단단 과학 중2,과학,중2,17500,5750,
개념단단 과학 중3,과학,중3,17000,5990,
완성노트 국어 중1,국어,중1,17000,5660,
완성노트 국어 중2,국어,중2,15500,5470,
완성노트 국어 중3,국어,중3,18000,6220,
완성노트 수학 중1,수학,중1,17000,5650,
완성노트 수학 중2,수학,중2,17500,5920,
완성노트 수학 중3,수학,중3,18500,6360,2024-12
완성노트 과학 중2,과학,중2,16500,5720,
완성노트 과학 중3,과학,중3,18000,6350,
완성노트 영어 중2,영어,중2,17000,5440,
완성노트 영어 중3,영어,중3,16500,5290,
한권끝 국어 초5,국어,초5,13000,4330,2023-09
한권끝 국어 초6,국어,초6,14000,4690,
한권끝 수학 초5,수학,초5,15000,4880,
한권끝 수학 초6,수학,초6,13000,4170,2024-09
한권끝 사회 초5,사회,초5,13000,4420,
한권끝 사회 초6,사회,초6,14000,4460,
한권끝 과학 초5,과학,초5,14000,4330,
한권끝 과학 초6,과학,초6,14000,4360,
한권끝 영어 초5,영어,초5,14000,4740,
한권끝 영어 초6,영어,초6,15000,4870,
첫걸음 영어 초5,영어,초5,14500,4540,2026-03
첫걸음 영어 초6,영어,초6,13500,4380,
첫걸음 영어 중1,영어,중1,16000,5110,
첫걸음 수학 초5,수학,초5,13500,4150,
첫걸음 수학 초6,수학,초6,15000,4920,
첫걸음 수학 중1,수학,중1,17000,5930,
첫걸음 수학 중2,수학,중2,17000,5500,
기출정복 국어 고1,국어,고1,19500,6630,
기출정복 국어 고2,국어,고2,18500,6430,
기출정복 영어 고1,영어,고1,19500,6980,2025-07
기출정복 영어 고2,영어,고2,20500,6910,
기출정복 수학 고1,수학,고1,19000,6790,
기출정복 수학 고2,수학,고2,20000,6520,
기출정복 사회 고1,사회,고1,20000,6770,
기출정복 사회 고2,사회,고2,19000,6470,
기출정복 과학 고1,과학,고1,20500,7290,
기출정복 과학 고2,과학,고2,18000,6140,
실전만점 국어 고1,국어,고1,18500,6630,
실전만점 국어 고2,국어,고2,20500,6670,
실전만점 영어 고1,영어,고1,18500,6040,
실전만점 영어 고2,영어,고2,20500,7480,
실전만점 수학 고1,수학,고1,18500,6440,
실전만점 수학 고2,수학,고2,19000,6730,2026-01
실전만점 과학 고1,과학,고1,18000,5890,
실전만점 과학 고2,과학,고2,19000,6790,
