월,거래처명,시리즈명,반품부수_부,반품사유
2024-03,한솔북센,기출정복 수학 고1,5791,기간만료반품
2024-03,대명서적유통,개념단단 국어 중1,1297,재고조정
2024-03,북웨이브몰,첫걸음 수학 중2,249,재고조정
2024-03,남강교재총판,기출정복 영어 고2,1218,재고조정
2024-03,세림북유통,첫걸음 영어 중1,362,기간만료반품
2024-03,하루책방닷컴,실전만점 영어 고1,362,기간만료반품
2024-03,하루책방닷컴,실전만점 영어 고1,195,파본
2024-04,한솔북센,첫걸음 수학 초6,2815,기간만료반품
2024-04,한솔북센,첫걸음 영어 초5,2494,기간만료반품
2024-04,한솔북센,한권끝 수학 초6,4013,재고조정
2024-04,대명서적유통,한권끝 영어 초5,1554,기간만료반품
2024-04,북웨이브몰,개념단단 영어 중1,884,기간만료반품
2024-04,북웨이브몰,실전만점 수학 고2,515,기간만료반품
2024-04,북웨이브몰,실전만점 수학 고2,315,파본
2024-04,남강교재총판,한권끝 수학 초6,1114,재고조정
2024-04,페이지온몰,개념단단 국어 중3,512,재고조정
2024-04,페이지온몰,개념단단 수학 중3,486,기간만료반품
2024-04,페이지온몰,실전만점 수학 고1,224,기간만료반품
2024-04,페이지온몰,실전만점 수학 고1,191,파본
2024-04,페이지온몰,완성노트 수학 중3,475,기간만료반품
2024-04,세림북유통,실전만점 영어 고2,601,기간만료반품
2024-04,세림북유통,실전만점 영어 고2,476,재고조정
2024-04,세림북유통,실전만점 영어 고2,813,파본
2024-04,하루책방닷컴,한권끝 수학 초6,583,재고조정
2024-04,책마루서점,한권끝 영어 초6,678,기간만료반품
2024-04,글벗문고,실전만점 수학 고1,204,기간만료반품
2024-04,글벗문고,실전만점 수학 고1,174,파본
2024-04,한빛서림,기출정복 수학 고2,759,기간만료반품
2024-04,다온북스,실전만점 수학 고2,327,기간만료반품
2024-04,다온북스,실전만점 수학 고2,201,파본
2024-04,청람서점,개념단단 수학 중1,295,기간만료반품
2024-05,한솔북센,개념단단 사회 중2,3698,기간만료반품
2024-05,한솔북센,개념단단 수학 중2,4141,기간만료반품
2024-05,한솔북센,개념단단 수학 중2,2761,오배송
2024-05,한솔북센,개념단단 영어 중3,2868,재고조정
2024-05,한솔북센,실전만점 과학 고1,1985,기간만료반품
2024-05,한솔북센,실전만점 과학 고1,1379,파본
2024-05,한솔북센,실전만점 수학 고1,1977,재고조정
2024-05,한솔북센,실전만점 수학 고1,1684,파본
2024-05,대명서적유통,개념단단 수학 중2,758,파본
2024-05,대명서적유통,개념단단 영어 중1,795,기간만료반품
2024-05,대명서적유통,실전만점 국어 고1,461,기간만료반품
2024-05,대명서적유통,실전만점 국어 고1,362,파본
2024-05,대명서적유통,실전만점 수학 고1,532,오배송
2024-05,대명서적유통,실전만점 수학 고1,447,재고조정
2024-05,대명서적유통,실전만점 수학 고1,834,파본
2024-05,대명서적유통,완성노트 수학 중3,1048,파본
2024-05,북웨이브몰,개념단단 영어 중1,644,재고조정
2024-05,북웨이브몰,첫걸음 영어 초5,614,기간만료반품
2024-05,북웨이브몰,한권끝 수학 초5,718,기간만료반품
2024-05,남강교재총판,개념단단 수학 중2,1026,기간만료반품
2024-05,남강교재총판,개념단단 영어 중3,1180,기간만료반품
2024-05,남강교재총판,기출정복 수학 고1,1383,기간만료반품
2024-05,페이지온몰,개념단단 국어 중3,718,기간만료반품
2024-05,페이지온몰,첫걸음 수학 초5,744,기간만료반품
2024-05,세림북유통,실전만점 영어 고2,484,기간만료반품
2024-05,세림북유통,실전만점 영어 고2,366,파본
2024-05,세림북유통,한권끝 국어 초5,865,재고조정
2024-05,하루책방닷컴,기출정복 수학 고2,958,파본
2024-05,책마루서점,완성노트 수학 중2,1485,기간만료반품
2024-05,글벗문고,첫걸음 영어 초5,578,기간만료반품
2024-05,한빛서림,기출정복 수학 고2,506,재고조정
2024-05,다온북스,실전만점 수학 고2,218,기간만료반품
2024-05,다온북스,실전만점 수학 고2,134,파본
2024-05,청람서점,한권끝 수학 초6,432,기간만료반품
2024-06,한솔북센,개념단단 사회 중2,3647,기간만료반품
2024-06,한솔북센,개념단단 수학 중2,6613,개정판교체
2024-06,한솔북센,개념단단 수학 중2,1167,기간만료반품
2024-06,한솔북센,개념단단 수학 중2,4085,재고조정
2024-06,한솔북센,실전만점 과학 고1,1958,기간만료반품
2024-06,한솔북센,실전만점 과학 고1,1360,파본
2024-06,한솔북센,실전만점 수학 고1,1950,재고조정
2024-06,한솔북센,실전만점 수학 고1,1661,파본
2024-06,대명서적유통,개념단단 수학 중2,3999,개정판교체
2024-06,대명서적유통,개념단단 수학 중2,706,기간만료반품
2024-06,대명서적유통,실전만점 수학 고1,716,기간만료반품
2024-06,대명서적유통,실전만점 수학 고1,600,오배송
2024-06,대명서적유통,실전만점 수학 고1,1122,파본
2024-06,대명서적유통,완성노트 수학 중3,1408,기간만료반품
2024-06,북웨이브몰,개념단단 국어 중1,933,재고조정
2024-06,북웨이브몰,개념단단 수학 중2,1815,개정판교체
2024-06,북웨이브몰,개념단단 수학 중2,320,기간만료반품
2024-06,북웨이브몰,개념단단 수학 중2,839,재고조정
2024-06,북웨이브몰,실전만점 국어 고1,428,재고조정
2024-06,북웨이브몰,실전만점 국어 고1,336,파본
2024-06,남강교재총판,개념단단 수학 중2,2654,개정판교체
2024-06,남강교재총판,개념단단 수학 중2,468,기간만료반품
2024-06,남강교재총판,개념단단 영어 중3,1141,재고조정
2024-06,남강교재총판,기출정복 수학 고1,1337,기간만료반품
2024-06,페이지온몰,개념단단 수학 중3,759,기간만료반품
2024-06,페이지온몰,완성노트 영어 중2,716,재고조정
2024-06,세림북유통,기출정복 영어 고1,1106,기간만료반품
2024-06,세림북유통,실전만점 과학 고1,428,재고조정
2024-06,세림북유통,실전만점 과학 고1,297,파본
2024-06,하루책방닷컴,한권끝 수학 초5,892,재고조정
2024-06,책마루서점,한권끝 과학 초6,1462,기간만료반품
2024-06,글벗문고,실전만점 수학 고1,592,기간만료반품
2024-06,글벗문고,실전만점 수학 고1,520,재고조정
2024-06,글벗문고,실전만점 수학 고1,947,파본
2024-06,한빛서림,실전만점 수학 고2,551,오배송
2024-06,한빛서림,실전만점 수학 고2,605,재고조정
2024-06,한빛서림,실전만점 수학 고2,708,파본
2024-06,다온북스,개념단단 국어 중1,1063,재고조정
2024-06,청람서점,실전만점 수학 고2,927,기간만료반품
2024-06,청람서점,실전만점 수학 고2,568,파본
2024-07,한솔북센,개념단단 수학 중2,5786,개정판교체
2024-07,한솔북센,개념단단 수학 중2,4527,기간만료반품
2024-07,한솔북센,실전만점 국어 고1,1929,기간만료반품
2024-07,한솔북센,실전만점 국어 고1,1516,파본
2024-07,한솔북센,실전만점 수학 고1,2373,기간만료반품
2024-07,한솔북센,실전만점 수학 고1,2022,파본
2024-07,대명서적유통,개념단단 수학 중2,3499,개정판교체
2024-07,대명서적유통,개념단단 수학 중2,617,기간만료반품
2024-07,대명서적유통,실전만점 영어 고1,892,기간만료반품
2024-07,대명서적유통,실전만점 영어 고1,481,파본
2024-07,대명서적유통,완성노트 수학 중3,1519,재고조정
2024-07,북웨이브몰,개념단단 국어 중1,768,재고조정
2024-07,북웨이브몰,개념단단 수학 중2,1868,개정판교체
2024-07,북웨이브몰,개념단단 수학 중2,690,기간만료반품
2024-07,남강교재총판,개념단단 수학 중2,2322,개정판교체
2024-07,남강교재총판,개념단단 수학 중2,410,기간만료반품
2024-07,남강교재총판,기출정복 영어 고1,1770,재고조정
2024-07,페이지온몰,개념단단 수학 중3,1016,재고조정
2024-07,세림북유통,기출정복 영어 고1,947,재고조정
2024-07,하루책방닷컴,실전만점 국어 고1,477,재고조정
2024-07,하루책방닷컴,실전만점 국어 고1,375,파본
2024-07,책마루서점,개념단단 국어 중1,1625,재고조정
2024-07,글벗문고,실전만점 수학 고1,663,기간만료반품
2024-07,글벗문고,실전만점 수학 고1,564,파본
2024-07,한빛서림,실전만점 수학 고2,771,기간만료반품
2024-07,한빛서림,실전만점 수학 고2,472,파본
2024-07,다온북스,한권끝 영어 초6,973,기간만료반품
2024-07,청람서점,실전만점 수학 고2,553,기간만료반품
2024-07,청람서점,실전만점 수학 고2,339,파본
2024-08,한솔북센,개념단단 수학 중2,4133,개정판교체
2024-08,한솔북센,개념단단 수학 중2,729,기간만료반품
2024-08,한솔북센,실전만점 수학 고1,1710,재고조정
2024-08,한솔북센,실전만점 수학 고1,1457,파본
2024-08,한솔북센,첫걸음 영어 초6,3394,기간만료반품
2024-08,한솔북센,한권끝 수학 초6,3193,기간만료반품
2024-08,대명서적유통,개념단단 수학 중2,2499,개정판교체
2024-08,대명서적유통,개념단단 수학 중2,441,기간만료반품
2024-08,대명서적유통,완성노트 수학 중3,1004,기간만료반품
2024-08,대명서적유통,한권끝 수학 초6,1048,기간만료반품
2024-08,북웨이브몰,개념단단 수학 중2,1335,개정판교체
2024-08,북웨이브몰,실전만점 수학 고2,777,기간만료반품
2024-08,북웨이브몰,실전만점 수학 고2,476,파본
2024-08,남강교재총판,개념단단 수학 중2,1951,개정판교체
2024-08,남강교재총판,한권끝 국어 초5,752,기간만료반품
2024-08,남강교재총판,한권끝 수학 초6,1072,기간만료반품
2024-08,페이지온몰,실전만점 국어 고1,613,재고조정
2024-08,페이지온몰,실전만점 국어 고1,482,파본
2024-08,세림북유통,실전만점 영어 고1,835,기간만료반품
2024-08,세림북유통,실전만점 영어 고1,449,파본
2024-08,하루책방닷컴,실전만점 국어 고1,427,재고조정
2024-08,하루책방닷컴,실전만점 국어 고1,335,파본
2024-08,책마루서점,개념단단 국어 중1,1504,기간만료반품
2024-08,글벗문고,개념단단 영어 중2,758,재고조정
2024-08,한빛서림,실전만점 수학 고2,660,기간만료반품
2024-08,한빛서림,실전만점 수학 고2,404,파본
2024-08,다온북스,개념단단 수학 중1,742,기간만료반품
2024-08,청람서점,기출정복 영어 고1,805,기간만료반품
2024-09,한솔북센,기출정복 영어 고1,3837,기간만료반품
2024-09,한솔북센,실전만점 영어 고1,2075,재고조정
2024-09,한솔북센,실전만점 영어 고1,1117,파본
2024-09,한솔북센,완성노트 수학 중3,4046,재고조정
2024-09,대명서적유통,개념단단 국어 중1,1319,기간만료반품
2024-09,대명서적유통,실전만점 국어 고1,782,오배송
2024-09,대명서적유통,실전만점 국어 고1,614,파본
2024-09,북웨이브몰,한권끝 수학 초6,767,재고조정
2024-09,북웨이브몰,한권끝 수학 초6,620,파본
2024-09,남강교재총판,개념단단 국어 중3,1027,기간만료반품
2024-09,남강교재총판,개념단단 수학 중1,941,재고조정
2024-09,페이지온몰,실전만점 국어 고1,378,기간만료반품
2024-09,페이지온몰,실전만점 국어 고1,297,파본
2024-09,세림북유통,실전만점 영어 고1,556,재고조정
2024-09,세림북유통,실전만점 영어 고1,300,파본
2024-09,하루책방닷컴,기출정복 수학 고2,840,기간만료반품
2024-09,책마루서점,실전만점 수학 고1,678,기간만료반품
2024-09,책마루서점,실전만점 수학 고1,578,파본
2024-09,글벗문고,첫걸음 영어 초5,1030,기간만료반품
2024-09,한빛서림,실전만점 수학 고2,440,기간만료반품
2024-09,한빛서림,실전만점 수학 고2,269,파본
2024-09,다온북스,한권끝 영어 초6,685,재고조정
2024-09,청람서점,한권끝 과학 초6,705,기간만료반품
2024-10,한솔북센,한권끝 국어 초6,2846,재고조정
2024-10,한솔북센,한권끝 수학 초6,5856,개정판교체
2024-10,한솔북센,한권끝 수학 초6,5267,기간만료반품
2024-10,한솔북센,한권끝 수학 초6,4247,재고조정
2024-10,대명서적유통,한권끝 수학 초6,3809,개정판교체
2024-10,대명서적유통,한권끝 수학 초6,3413,기간만료반품
2024-10,북웨이브몰,개념단단 국어 중3,664,기간만료반품
2024-10,북웨이브몰,개념단단 수학 중2,572,기간만료반품
2024-10,북웨이브몰,기출정복 영어 고1,731,기간만료반품
2024-10,북웨이브몰,한권끝 수학 초6,1565,개정판교체
2024-10,남강교재총판,한권끝 수학 초6,2370,개정판교체
2024-10,남강교재총판,한권끝 수학 초6,418,기간만료반품
2024-10,남강교재총판,한권끝 수학 초6,1749,재고조정
2024-10,페이지온몰,개념단단 국어 중3,903,기간만료반품
2024-10,페이지온몰,기출정복 영어 고1,859,오배송
2024-10,세림북유통,기출정복 수학 고2,915,기간만료반품
2024-10,세림북유통,실전만점 국어 고1,586,재고조정
2024-10,세림북유통,실전만점 국어 고1,460,파본
2024-10,하루책방닷컴,한권끝 수학 초6,790,기간만료반품
2024-10,책마루서점,실전만점 수학 고1,364,기간만료반품
2024-10,책마루서점,실전만점 수학 고1,310,파본
2024-10,글벗문고,완성노트 수학 중2,972,기간만료반품
2024-10,한빛서림,기출정복 국어 고2,1246,기간만료반품
2024-10,다온북스,개념단단 영어 중2,724,기간만료반품
2024-10,청람서점,기출정복 영어 고1,742,파본
2024-11,한솔북센,개념단단 국어 중3,7306,기간만료반품
2024-11,한솔북센,개념단단 수학 중2,2859,기간만료반품
2024-11,한솔북센,개념단단 영어 중1,3023,재고조정
2024-11,한솔북센,실전만점 국어 고1,1743,재고조정
2024-11,한솔북센,실전만점 국어 고1,1369,파본
2024-11,한솔북센,완성노트 수학 중3,3788,재고조정
2024-11,한솔북센,한권끝 수학 초6,5124,개정판교체
2024-11,한솔북센,한권끝 수학 초6,904,기간만료반품
2024-11,대명서적유통,개념단단 수학 중2,1191,파본
2024-11,대명서적유통,완성노트 수학 중3,2570,기간만료반품
2024-11,대명서적유통,한권끝 수학 초6,3333,개정판교체
2024-11,대명서적유통,한권끝 수학 초6,588,기간만료반품
2024-11,북웨이브몰,기출정복 영어 고1,629,기간만료반품
2024-11,북웨이브몰,한권끝 수학 초6,1369,개정판교체
2024-11,북웨이브몰,한권끝 수학 초6,816,기간만료반품
2024-11,남강교재총판,개념단단 수학 중2,1113,기간만료반품
2024-11,남강교재총판,개념단단 영어 중3,1063,오배송
2024-11,남강교재총판,기출정복 영어 고2,1102,재고조정
2024-11,남강교재총판,한권끝 수학 초6,2073,개정판교체
2024-11,남강교재총판,한권끝 수학 초6,366,기간만료반품
2024-11,페이지온몰,개념단단 국어 중3,692,기간만료반품
2024-11,페이지온몰,기출정복 영어 고1,659,기간만료반품
2024-11,세림북유통,실전만점 국어 고1,900,재고조정
2024-11,세림북유통,실전만점 국어 고1,708,파본
2024-11,하루책방닷컴,개념단단 수학 중1,458,기간만료반품
2024-11,하루책방닷컴,실전만점 영어 고1,389,재고조정
2024-11,하루책방닷컴,실전만점 영어 고1,210,파본
2024-11,책마루서점,개념단단 국어 중3,719,기간만료반품
2024-11,책마루서점,완성노트 수학 중2,1070,재고조정
2024-11,글벗문고,첫걸음 영어 초5,754,재고조정
2024-11,한빛서림,기출정복 국어 고2,831,재고조정
2024-11,다온북스,한권끝 영어 초6,867,재고조정
2024-11,청람서점,한권끝 과학 초6,681,기간만료반품
2024-12,한솔북센,개념단단 국어 중3,2943,기간만료반품
2024-12,한솔북센,개념단단 국어 중3,3616,재고조정
2024-12,한솔북센,실전만점 국어 고1,1565,기간만료반품
2024-12,한솔북센,실전만점 국어 고1,1229,파본
2024-12,한솔북센,완성노트 수학 중3,3401,재고조정
2024-12,한솔북센,한권끝 수학 초6,3660,개정판교체
2024-12,한솔북센,한권끝 수학 초6,646,기간만료반품
2024-12,대명서적유통,완성노트 수학 중3,1503,재고조정
2024-12,대명서적유통,첫걸음 수학 초6,1338,기간만료반품
2024-12,대명서적유통,한권끝 수학 초6,2381,개정판교체
2024-12,대명서적유통,한권끝 수학 초6,420,기간만료반품
2024-12,북웨이브몰,완성노트 수학 중2,996,오배송
2024-12,북웨이브몰,완성노트 수학 중3,935,파본
2024-12,북웨이브몰,한권끝 수학 초6,978,개정판교체
2024-12,남강교재총판,개념단단 수학 중2,970,기간만료반품
2024-12,남강교재총판,기출정복 영어 고2,961,기간만료반품
2024-12,남강교재총판,한권끝 수학 초6,1742,개정판교체
2024-12,페이지온몰,개념단단 수학 중3,662,기간만료반품
2024-12,페이지온몰,실전만점 국어 고1,308,재고조정
2024-12,페이지온몰,실전만점 국어 고1,242,파본
2024-12,세림북유통,실전만점 수학 고2,980,기간만료반품
2024-12,세림북유통,실전만점 수학 고2,600,파본
2024-12,하루책방닷컴,실전만점 영어 고1,418,재고조정
2024-12,하루책방닷컴,실전만점 영어 고1,225,파본
2024-12,책마루서점,완성노트 수학 중2,812,기간만료반품
2024-12,책마루서점,첫걸음 영어 초5,986,재고조정
2024-12,글벗문고,실전만점 수학 고2,897,재고조정
2024-12,글벗문고,실전만점 수학 고2,549,파본
2024-12,한빛서림,완성노트 수학 중3,1521,기간만료반품
2024-12,다온북스,개념단단 국어 중1,1248,재고조정
2024-12,청람서점,기출정복 영어 고1,1150,오배송
2025-01,한솔북센,개념단단 영어 중1,4254,기간만료반품
2025-01,한솔북센,실전만점 수학 고2,2288,기간만료반품
2025-01,한솔북센,실전만점 수학 고2,1403,파본
2025-01,한솔북센,완성노트 수학 중3,5921,개정판교체
2025-01,한솔북센,완성노트 수학 중3,4429,기간만료반품
2025-01,대명서적유통,개념단단 영어 중2,1279,파본
2025-01,대명서적유통,실전만점 수학 고2,799,기간만료반품
2025-01,대명서적유통,실전만점 수학 고2,490,파본
2025-01,대명서적유통,완성노트 수학 중3,3074,개정판교체
2025-01,대명서적유통,완성노트 수학 중3,542,기간만료반품
2025-01,북웨이브몰,완성노트 수학 중2,770,재고조정
2025-01,북웨이브몰,완성노트 수학 중3,1577,개정판교체
2025-01,북웨이브몰,완성노트 수학 중3,723,기간만료반품
2025-01,남강교재총판,실전만점 수학 고2,560,기간만료반품
2025-01,남강교재총판,실전만점 수학 고2,561,재고조정
2025-01,남강교재총판,실전만점 수학 고2,687,파본
2025-01,남강교재총판,완성노트 수학 중3,1980,개정판교체
2025-01,남강교재총판,완성노트 수학 중3,349,기간만료반품
2025-01,페이지온몰,개념단단 수학 중3,848,기간만료반품
2025-01,세림북유통,실전만점 수학 고2,674,재고조정
2025-01,세림북유통,실전만점 수학 고2,413,파본
2025-01,세림북유통,완성노트 수학 중3,1022,개정판교체
2025-01,하루책방닷컴,기출정복 국어 고1,933,재고조정
2025-01,책마루서점,실전만점 과학 고2,554,기간만료반품
2025-01,책마루서점,실전만점 과학 고2,312,파본
2025-01,책마루서점,완성노트 국어 중2,859,재고조정
2025-01,글벗문고,실전만점 수학 고2,729,기간만료반품
2025-01,글벗문고,실전만점 수학 고2,446,파본
2025-01,한빛서림,완성노트 수학 중3,1014,기간만료반품
2025-01,다온북스,개념단단 국어 중1,601,기간만료반품
2025-01,청람서점,기출정복 영어 고1,651,기간만료반품
2025-02,한솔북센,개념단단 영어 중1,3698,재고조정
2025-02,한솔북센,완성노트 수학 중3,5182,개정판교체
2025-02,한솔북센,완성노트 수학 중3,914,기간만료반품
2025-02,한솔북센,첫걸음 수학 중2,3670,기간만료반품
2025-02,한솔북센,한권끝 수학 초6,3856,기간만료반품
2025-02,대명서적유통,완성노트 수학 중3,2689,개정판교체
2025-02,대명서적유통,완성노트 수학 중3,475,기간만료반품
2025-02,대명서적유통,첫걸음 영어 초5,955,재고조정
2025-02,대명서적유통,한권끝 수학 초6,1515,재고조정
2025-02,북웨이브몰,기출정복 수학 고1,665,재고조정
2025-02,북웨이브몰,완성노트 수학 중3,1380,개정판교체
2025-02,북웨이브몰,완성노트 수학 중3,865,기간만료반품
2025-02,남강교재총판,완성노트 수학 중3,1732,개정판교체
2025-02,남강교재총판,완성노트 수학 중3,306,기간만료반품
2025-02,남강교재총판,첫걸음 영어 초5,742,기간만료반품
2025-02,남강교재총판,한권끝 수학 초6,1123,재고조정
2025-02,페이지온몰,실전만점 과학 고2,502,기간만료반품
2025-02,페이지온몰,실전만점 과학 고2,283,파본
2025-02,페이지온몰,실전만점 영어 고2,550,기간만료반품
2025-02,페이지온몰,실전만점 영어 고2,415,파본
2025-02,세림북유통,개념단단 영어 중1,986,기간만료반품
2025-02,세림북유통,실전만점 수학 고2,459,재고조정
2025-02,세림북유통,실전만점 수학 고2,282,파본
2025-02,세림북유통,완성노트 수학 중3,894,개정판교체
2025-02,하루책방닷컴,기출정복 국어 고1,574,재고조정
2025-02,책마루서점,한권끝 영어 초6,1102,기간만료반품
2025-02,글벗문고,완성노트 수학 중2,1248,재고조정
2025-02,한빛서림,개념단단 영어 중2,1309,기간만료반품
2025-02,다온북스,기출정복 영어 고1,580,재고조정
2025-02,청람서점,개념단단 영어 중1,946,기간만료반품
2025-03,한솔북센,개념단단 영어 중1,7517,재고조정
2025-03,한솔북센,기출정복 영어 고1,3113,기간만료반품
2025-03,한솔북센,실전만점 국어 고1,2053,기간만료반품
2025-03,한솔북센,실전만점 국어 고1,1613,파본
2025-03,한솔북센,완성노트 수학 중3,4244,개정판교체
2025-03,한솔북센,완성노트 수학 중3,749,기간만료반품
2025-03,대명서적유통,개념단단 국어 중1,1010,기간만료반품
2025-03,대명서적유통,개념단단 영어 중1,896,기간만료반품
2025-03,대명서적유통,실전만점 수학 고1,460,기간만료반품
2025-03,대명서적유통,실전만점 수학 고1,392,파본
2025-03,대명서적유통,실전만점 영어 고2,477,재고조정
2025-03,대명서적유통,실전만점 영어 고2,360,파본
2025-03,대명서적유통,완성노트 수학 중3,1921,개정판교체
2025-03,대명서적유통,완성노트 수학 중3,339,기간만료반품
2025-03,대명서적유통,완성노트 수학 중3,802,재고조정
2025-03,북웨이브몰,완성노트 수학 중3,986,개정판교체
2025-03,북웨이브몰,완성노트 수학 중3,687,기간만료반품
2025-03,북웨이브몰,한권끝 수학 초5,905,재고조정
2025-03,남강교재총판,개념단단 수학 중2,923,재고조정
2025-03,남강교재총판,기출정복 수학 고1,999,기간만료반품
2025-03,남강교재총판,실전만점 영어 고2,577,기간만료반품
2025-03,남강교재총판,실전만점 영어 고2,435,파본
2025-03,남강교재총판,완성노트 수학 중3,1455,개정판교체
2025-03,페이지온몰,실전만점 과학 고2,357,재고조정
2025-03,페이지온몰,실전만점 과학 고2,201,파본
2025-03,페이지온몰,실전만점 영어 고2,391,기간만료반품
2025-03,페이지온몰,실전만점 영어 고2,295,파본
2025-03,세림북유통,첫걸음 수학 초5,1515,재고조정
2025-03,하루책방닷컴,기출정복 국어 고1,414,재고조정
2025-03,하루책방닷컴,실전만점 국어 고1,393,재고조정
2025-03,하루책방닷컴,실전만점 국어 고1,309,파본
2025-03,책마루서점,완성노트 수학 중2,1524,재고조정
2025-03,글벗문고,완성노트 수학 중2,877,기간만료반품
2025-03,한빛서림,개념단단 영어 중2,872,재고조정
2025-03,다온북스,한권끝 수학 초6,548,기간만료반품
2025-03,청람서점,개념단단 영어 중1,631,기간만료반품
2025-04,한솔북센,개념단단 영어 중1,6383,개정판교체
2025-04,한솔북센,개념단단 영어 중1,1126,기간만료반품
2025-04,한솔북센,개념단단 영어 중1,6323,재고조정
2025-04,한솔북센,첫걸음 수학 중2,3498,재고조정
2025-04,대명서적유통,개념단단 국어 중1,1408,기간만료반품
2025-04,대명서적유통,개념단단 영어 중1,3853,개정판교체
2025-04,대명서적유통,개념단단 영어 중1,1929,기간만료반품
2025-04,북웨이브몰,개념단단 국어 중1,774,기간만료반품
2025-04,북웨이브몰,개념단단 수학 중2,752,기간만료반품
2025-04,북웨이브몰,개념단단 영어 중1,1614,개정판교체
2025-04,북웨이브몰,기출정복 영어 고1,907,기간만료반품
2025-04,남강교재총판,개념단단 영어 중1,2671,개정판교체
2025-04,남강교재총판,개념단단 영어 중1,471,기간만료반품
2025-04,남강교재총판,실전만점 영어 고2,1021,기간만료반품
2025-04,남강교재총판,실전만점 영어 고2,771,파본
2025-04,페이지온몰,개념단단 수학 중3,1053,재고조정
2025-04,페이지온몰,개념단단 영어 중1,925,개정판교체
2025-04,페이지온몰,개념단단 영어 중1,800,기간만료반품
2025-04,세림북유통,개념단단 영어 중1,1793,개정판교체
2025-04,세림북유통,개념단단 영어 중1,777,기간만료반품
2025-04,세림북유통,실전만점 수학 고1,486,재고조정
2025-04,세림북유통,실전만점 수학 고1,414,파본
2025-04,하루책방닷컴,기출정복 국어 고1,505,기간만료반품
2025-04,하루책방닷컴,한권끝 국어 초6,578,기간만료반품
2025-04,책마루서점,한권끝 영어 초6,1206,기간만료반품
2025-04,글벗문고,개념단단 영어 중2,930,기간만료반품
2025-04,글벗문고,완성노트 과학 중3,679,재고조정
2025-04,한빛서림,개념단단 수학 중3,1633,재고조정
2025-04,다온북스,기출정복 영어 고1,1272,파본
2025-04,청람서점,개념단단 영어 중1,1143,기간만료반품
2025-05,한솔북센,개념단단 국어 중3,4371,기간만료반품
2025-05,한솔북센,개념단단 영어 중1,5585,개정판교체
2025-05,한솔북센,개념단단 영어 중1,4844,기간만료반품
2025-05,한솔북센,기출정복 영어 고2,3568,재고조정
2025-05,한솔북센,실전만점 영어 고1,2072,기간만료반품
2025-05,한솔북센,실전만점 영어 고1,1115,파본
2025-05,한솔북센,완성노트 과학 중3,3083,기간만료반품
2025-05,대명서적유통,개념단단 국어 중1,1061,기간만료반품
2025-05,대명서적유통,개념단단 국어 중1,1030,재고조정
2025-05,대명서적유통,개념단단 영어 중1,3372,개정판교체
2025-05,대명서적유통,개념단단 영어 중1,595,기간만료반품
2025-05,대명서적유통,실전만점 국어 고2,642,기간만료반품
2025-05,대명서적유통,실전만점 국어 고2,316,파본
2025-05,대명서적유통,완성노트 수학 중3,1066,재고조정
2025-05,북웨이브몰,개념단단 영어 중1,1413,개정판교체
2025-05,북웨이브몰,기출정복 영어 고1,871,재고조정
2025-05,북웨이브몰,한권끝 국어 초5,762,기간만료반품
2025-05,남강교재총판,개념단단 영어 중1,2337,개정판교체
2025-05,남강교재총판,개념단단 영어 중1,2307,기간만료반품
2025-05,남강교재총판,기출정복 수학 고1,985,파본
2025-05,페이지온몰,개념단단 수학 중3,762,기간만료반품
2025-05,페이지온몰,개념단단 영어 중1,809,개정판교체
2025-05,페이지온몰,개념단단 영어 중1,579,재고조정
2025-05,세림북유통,개념단단 영어 중1,1569,개정판교체
2025-05,세림북유통,한권끝 수학 초6,1481,기간만료반품
2025-05,하루책방닷컴,개념단단 수학 중2,902,기간만료반품
2025-05,책마루서점,개념단단 국어 중3,899,기간만료반품
2025-05,책마루서점,개념단단 국어 중3,991,재고조정
2025-05,글벗문고,개념단단 영어 중2,981,재고조정
2025-05,한빛서림,개념단단 수학 중3,1089,기간만료반품
2025-05,다온북스,첫걸음 수학 초6,1394,기간만료반품
2025-05,청람서점,개념단단 영어 중1,762,오배송
2025-06,한솔북센,개념단단 국어 중3,3680,재고조정
2025-06,한솔북센,개념단단 영어 중1,4481,개정판교체
2025-06,한솔북센,개념단단 영어 중1,4039,기간만료반품
2025-06,한솔북센,첫걸음 수학 초6,4008,기간만료반품
2025-06,한솔북센,첫걸음 영어 초5,3905,기간만료반품
2025-06,대명서적유통,개념단단 영어 중1,2408,개정판교체
2025-06,대명서적유통,개념단단 영어 중1,425,기간만료반품
2025-06,대명서적유통,완성노트 수학 중3,936,기간만료반품
2025-06,대명서적유통,한권끝 수학 초6,1263,기간만료반품
2025-06,대명서적유통,한권끝 영어 초5,1233,기간만료반품
2025-06,북웨이브몰,개념단단 영어 중1,1009,개정판교체
2025-06,북웨이브몰,실전만점 수학 고1,393,재고조정
2025-06,북웨이브몰,실전만점 수학 고1,334,파본
2025-06,북웨이브몰,실전만점 영어 고1,410,기간만료반품
2025-06,북웨이브몰,실전만점 영어 고1,221,파본
2025-06,북웨이브몰,완성노트 수학 중3,614,기간만료반품
2025-06,남강교재총판,개념단단 영어 중1,1964,개정판교체
2025-06,남강교재총판,기출정복 수학 고1,1001,재고조정
2025-06,남강교재총판,한권끝 국어 초5,1121,재고조정
2025-06,페이지온몰,개념단단 수학 중2,727,기간만료반품
2025-06,페이지온몰,실전만점 영어 고2,399,재고조정
2025-06,페이지온몰,실전만점 영어 고2,301,파본
2025-06,세림북유통,개념단단 영어 중1,1121,개정판교체
2025-06,세림북유통,실전만점 수학 고2,583,오배송
2025-06,세림북유통,실전만점 수학 고2,357,파본
2025-06,세림북유통,실전만점 영어 고1,689,재고조정
2025-06,세림북유통,실전만점 영어 고1,371,파본
2025-06,하루책방닷컴,한권끝 수학 초5,803,기간만료반품
2025-06,책마루서점,첫걸음 영어 초5,2190,기간만료반품
2025-06,글벗문고,실전만점 수학 고2,447,기간만료반품
2025-06,글벗문고,실전만점 수학 고2,274,파본
2025-06,글벗문고,완성노트 수학 중2,1029,기간만료반품
2025-06,한빛서림,실전만점 수학 고1,925,재고조정
2025-06,한빛서림,실전만점 수학 고1,788,파본
2025-06,다온북스,개념단단 국어 중1,965,기간만료반품
2025-06,청람서점,기출정복 수학 고2,1013,기간만료반품
2025-07,한솔북센,기출정복 영어 고1,4157,기간만료반품
2025-07,한솔북센,실전만점 영어 고1,2718,재고조정
2025-07,한솔북센,실전만점 영어 고1,1464,파본
2025-07,한솔북센,첫걸음 수학 초6,4031,재고조정
2025-07,대명서적유통,기출정복 영어 고1,1426,기간만료반품
2025-07,대명서적유통,한권끝 수학 초6,1437,재고조정
2025-07,북웨이브몰,실전만점 수학 고1,699,기간만료반품
2025-07,북웨이브몰,실전만점 수학 고1,596,파본
2025-07,남강교재총판,기출정복 수학 고1,946,기간만료반품
2025-07,남강교재총판,한권끝 국어 초5,942,재고조정
2025-07,페이지온몰,개념단단 수학 중2,1117,재고조정
2025-07,세림북유통,실전만점 영어 고1,706,기간만료반품
2025-07,세림북유통,실전만점 영어 고1,380,파본
2025-07,하루책방닷컴,한권끝 수학 초5,828,기간만료반품
2025-07,책마루서점,완성노트 수학 중2,1561,기간만료반품
2025-07,글벗문고,완성노트 수학 중2,1393,기간만료반품
2025-07,한빛서림,실전만점 수학 고1,617,기간만료반품
2025-07,한빛서림,실전만점 수학 고1,525,파본
2025-07,다온북스,개념단단 국어 중1,369,재고조정
2025-07,청람서점,한권끝 수학 초6,995,기간만료반품
2025-08,한솔북센,기출정복 영어 고1,3086,개정판교체
2025-08,한솔북센,기출정복 영어 고1,545,기간만료반품
2025-08,한솔북센,기출정복 영어 고1,3859,재고조정
2025-08,한솔북센,실전만점 영어 고1,2524,기간만료반품
2025-08,한솔북센,실전만점 영어 고1,1359,파본
2025-08,대명서적유통,기출정복 영어 고1,2129,개정판교체
2025-08,대명서적유통,기출정복 영어 고1,1321,기간만료반품
2025-08,대명서적유통,한권끝 수학 초6,1250,재고조정
2025-08,북웨이브몰,기출정복 영어 고1,1198,개정판교체
2025-08,북웨이브몰,기출정복 영어 고1,619,재고조정
2025-08,북웨이브몰,실전만점 수학 고2,427,기간만료반품
2025-08,북웨이브몰,실전만점 수학 고2,261,파본
2025-08,남강교재총판,기출정복 영어 고1,1637,개정판교체
2025-08,남강교재총판,한권끝 수학 초5,1388,재고조정
2025-08,페이지온몰,완성노트 수학 중2,771,기간만료반품
2025-08,세림북유통,기출정복 수학 고2,1153,기간만료반품
2025-08,세림북유통,기출정복 영어 고1,878,개정판교체
2025-08,하루책방닷컴,한권끝 수학 초5,497,기간만료반품
2025-08,책마루서점,완성노트 수학 중2,1160,기간만료반품
2025-08,글벗문고,실전만점 국어 고2,636,기간만료반품
2025-08,글벗문고,실전만점 국어 고2,314,파본
2025-08,한빛서림,기출정복 수학 고2,795,기간만료반품
2025-08,다온북스,개념단단 국어 중1,694,기간만료반품
2025-08,청람서점,기출정복 수학 고2,830,재고조정
2025-09,한솔북센,개념단단 국어 중3,4161,기간만료반품
2025-09,한솔북센,개념단단 영어 중1,3194,기간만료반품
2025-09,한솔북센,기출정복 영어 고1,3353,개정판교체
2025-09,한솔북센,기출정복 영어 고1,592,기간만료반품
2025-09,한솔북센,기출정복 영어 고2,2551,재고조정
2025-09,한솔북센,실전만점 수학 고1,1723,재고조정
2025-09,한솔북센,실전만점 수학 고1,1468,파본
2025-09,대명서적유통,개념단단 국어 중3,1064,기간만료반품
2025-09,대명서적유통,개념단단 수학 중2,1055,재고조정
2025-09,대명서적유통,기출정복 영어 고1,1863,개정판교체
2025-09,대명서적유통,기출정복 영어 고1,329,기간만료반품
2025-09,대명서적유통,실전만점 수학 고2,569,재고조정
2025-09,대명서적유통,실전만점 수학 고2,348,파본
2025-09,북웨이브몰,기출정복 영어 고1,1048,개정판교체
2025-09,북웨이브몰,한권끝 수학 초5,1176,재고조정
2025-09,남강교재총판,기출정복 영어 고1,1432,개정판교체
2025-09,남강교재총판,실전만점 수학 고1,654,기간만료반품
2025-09,남강교재총판,실전만점 수학 고1,557,파본
2025-09,남강교재총판,실전만점 영어 고1,742,기간만료반품
2025-09,남강교재총판,실전만점 영어 고1,399,파본
2025-09,페이지온몰,첫걸음 영어 초5,791,기간만료반품
2025-09,세림북유통,한권끝 수학 초6,1061,재고조정
2025-09,하루책방닷컴,실전만점 영어 고1,553,기간만료반품
2025-09,하루책방닷컴,실전만점 영어 고1,298,파본
2025-09,책마루서점,실전만점 수학 고1,684,오배송
2025-09,책마루서점,실전만점 수학 고1,582,파본
2025-09,글벗문고,실전만점 국어 고2,357,오배송
2025-09,글벗문고,실전만점 국어 고2,176,파본
2025-09,한빛서림,기출정복 수학 고2,725,기간만료반품
2025-09,다온북스,개념단단 국어 중1,463,기간만료반품
2025-09,청람서점,한권끝 수학 초6,618,파본
2025-10,한솔북센,개념단단 국어 중3,6773,개정판교체
2025-10,한솔북센,개념단단 국어 중3,4349,기간만료반품
2025-10,한솔북센,기출정복 영어 고1,3032,개정판교체
2025-10,한솔북센,기출정복 영어 고1,535,기간만료반품
2025-10,한솔북센,첫걸음 수학 중1,3623,기간만료반품
2025-10,한솔북센,첫걸음 영어 초5,2822,기간만료반품
2025-10,한솔북센,한권끝 수학 초6,3620,기간만료반품
2025-10,대명서적유통,개념단단 국어 중3,3290,개정판교체
2025-10,대명서적유통,개념단단 국어 중3,581,기간만료반품
2025-10,대명서적유통,기출정복 영어 고1,1566,개정판교체
2025-10,대명서적유통,한권끝 국어 초5,2260,재고조정
2025-10,북웨이브몰,개념단단 국어 중3,1927,개정판교체
2025-10,북웨이브몰,개념단단 국어 중3,673,기간만료반품
2025-10,북웨이브몰,실전만점 영어 고2,395,기간만료반품
2025-10,북웨이브몰,실전만점 영어 고2,298,파본
2025-10,북웨이브몰,완성노트 영어 중2,660,재고조정
2025-10,남강교재총판,개념단단 국어 중3,1927,개정판교체
2025-10,남강교재총판,개념단단 국어 중3,340,기간만료반품
2025-10,남강교재총판,기출정복 영어 고1,1023,개정판교체
2025-10,남강교재총판,한권끝 수학 초5,1081,기간만료반품
2025-10,남강교재총판,한권끝 수학 초6,875,기간만료반품
2025-10,페이지온몰,실전만점 수학 고1,444,기간만료반품
2025-10,페이지온몰,실전만점 수학 고1,379,파본
2025-10,페이지온몰,실전만점 영어 고2,410,기간만료반품
2025-10,페이지온몰,실전만점 영어 고2,309,파본
2025-10,세림북유통,개념단단 영어 중2,1625,기간만료반품
2025-10,하루책방닷컴,실전만점 영어 고1,387,기간만료반품
2025-10,하루책방닷컴,실전만점 영어 고1,209,파본
2025-10,책마루서점,실전만점 수학 고1,314,재고조정
2025-10,책마루서점,실전만점 수학 고1,267,파본
2025-10,글벗문고,실전만점 수학 고2,740,기간만료반품
2025-10,글벗문고,실전만점 수학 고2,454,파본
2025-10,한빛서림,실전만점 수학 고2,826,재고조정
2025-10,한빛서림,실전만점 수학 고2,506,파본
2025-10,다온북스,개념단단 영어 중2,588,기간만료반품
2025-10,청람서점,기출정복 수학 고2,839,기간만료반품
2025-11,한솔북센,개념단단 국어 중1,3385,재고조정
2025-11,한솔북센,개념단단 국어 중3,5926,개정판교체
2025-11,한솔북센,개념단단 국어 중3,5058,기간만료반품
2025-11,한솔북센,개념단단 수학 중2,3692,기간만료반품
2025-11,한솔북센,완성노트 수학 중3,2854,기간만료반품
2025-11,대명서적유통,개념단단 국어 중2,1103,기간만료반품
2025-11,대명서적유통,개념단단 국어 중3,2879,개정판교체
2025-11,대명서적유통,개념단단 국어 중3,508,기간만료반품
2025-11,대명서적유통,개념단단 영어 중2,1239,기간만료반품
2025-11,대명서적유통,실전만점 수학 고2,758,재고조정
2025-11,대명서적유통,실전만점 수학 고2,465,파본
2025-11,북웨이브몰,개념단단 국어 중3,1686,개정판교체
2025-11,북웨이브몰,첫걸음 수학 중2,801,재고조정
2025-11,북웨이브몰,첫걸음 영어 초5,789,재고조정
2025-11,남강교재총판,개념단단 국어 중3,1983,개정판교체
2025-11,남강교재총판,개념단단 수학 중2,1242,재고조정
2025-11,남강교재총판,개념단단 영어 중1,1055,재고조정
2025-11,페이지온몰,첫걸음 수학 중1,1072,기간만료반품
2025-11,세림북유통,개념단단 영어 중2,1461,기간만료반품
2025-11,하루책방닷컴,실전만점 수학 고1,541,오배송
2025-11,하루책방닷컴,실전만점 수학 고1,460,파본
2025-11,책마루서점,개념단단 국어 중3,902,재고조정
2025-11,책마루서점,실전만점 수학 고1,538,재고조정
2025-11,책마루서점,실전만점 수학 고1,458,파본
2025-11,글벗문고,실전만점 수학 고2,494,재고조정
2025-11,글벗문고,실전만점 수학 고2,302,파본
2025-11,한빛서림,실전만점 수학 고2,497,기간만료반품
2025-11,한빛서림,실전만점 수학 고2,304,파본
2025-11,다온북스,한권끝 영어 초6,1195,기간만료반품
2025-11,청람서점,한권끝 수학 초6,708,기간만료반품
2025-12,한솔북센,개념단단 국어 중3,4233,개정판교체
2025-12,한솔북센,개념단단 국어 중3,4314,기간만료반품
2025-12,한솔북센,개념단단 수학 중2,3283,기간만료반품
2025-12,한솔북센,한권끝 국어 초5,3156,기간만료반품
2025-12,대명서적유통,개념단단 국어 중3,2057,개정판교체
2025-12,대명서적유통,개념단단 국어 중3,363,기간만료반품
2025-12,대명서적유통,개념단단 영어 중2,1203,재고조정
2025-12,대명서적유통,한권끝 국어 초6,1474,기간만료반품
2025-12,북웨이브몰,개념단단 국어 중3,1204,개정판교체
2025-12,북웨이브몰,개념단단 수학 중2,833,파본
2025-12,북웨이브몰,실전만점 수학 고2,572,기간만료반품
2025-12,북웨이브몰,실전만점 수학 고2,350,파본
2025-12,남강교재총판,개념단단 국어 중3,1417,개정판교체
2025-12,남강교재총판,개념단단 수학 중2,756,기간만료반품
2025-12,남강교재총판,첫걸음 수학 중1,1086,기간만료반품
2025-12,페이지온몰,기출정복 영어 고2,693,기간만료반품
2025-12,페이지온몰,실전만점 영어 고1,485,재고조정
2025-12,페이지온몰,실전만점 영어 고1,261,파본
2025-12,세림북유통,개념단단 영어 중1,775,파본
2025-12,세림북유통,개념단단 영어 중2,864,기간만료반품
2025-12,하루책방닷컴,실전만점 수학 고1,414,기간만료반품
2025-12,하루책방닷컴,실전만점 수학 고1,352,파본
2025-12,책마루서점,실전만점 수학 고1,447,기간만료반품
2025-12,책마루서점,실전만점 수학 고1,380,파본
2025-12,책마루서점,한권끝 과학 초6,952,기간만료반품
2025-12,글벗문고,실전만점 수학 고2,979,재고조정
2025-12,글벗문고,실전만점 수학 고2,600,파본
2025-12,한빛서림,기출정복 수학 고2,1576,기간만료반품
2025-12,다온북스,개념단단 영어 중2,1006,기간만료반품
2025-12,청람서점,실전만점 수학 고2,554,기간만료반품
2025-12,청람서점,실전만점 수학 고2,339,파본
