월,거래처명,시리즈명,출고부수_부,공급단가_원부
2024-01,한솔북센,개념단단 사회 중1,8420,10990
2024-01,한솔북센,기출정복 수학 고1,9220,12280
2024-01,한솔북센,실전만점 국어 고1,8960,11960
2024-01,한솔북센,첫걸음 수학 초6,6730,9700
2024-01,한솔북센,첫걸음 영어 초5,6740,9370
2024-01,대명서적유통,개념단단 국어 중1,8350,9730
2024-01,대명서적유통,개념단단 수학 중2,8310,11350
2024-01,대명서적유통,완성노트 국어 중1,8220,11030
2024-01,대명서적유통,첫걸음 영어 초5,6950,9410
2024-01,대명서적유통,한권끝 영어 초5,7060,9080
2024-01,북웨이브몰,개념단단 영어 중1,10280,12230
2024-01,북웨이브몰,실전만점 수학 고2,9410,13670
2024-01,북웨이브몰,완성노트 과학 중3,5090,12950
2024-01,북웨이브몰,첫걸음 수학 중2,7050,12230
2024-01,남강교재총판,개념단단 국어 중3,4290,11940
2024-01,남강교재총판,기출정복 영어 고2,6010,13230
2024-01,남강교재총판,실전만점 국어 고1,4320,11940
2024-01,남강교재총판,실전만점 수학 고2,5140,12260
2024-01,남강교재총판,한권끝 수학 초6,5000,8390
2024-01,페이지온몰,개념단단 수학 중2,5310,12580
2024-01,페이지온몰,개념단단 영어 중1,5130,12220
2024-01,페이지온몰,기출정복 수학 고1,5050,13650
2024-01,페이지온몰,실전만점 수학 고1,6200,13290
2024-01,세림북유통,개념단단 국어 중2,4430,10060
2024-01,세림북유통,기출정복 사회 고1,2020,12980
2024-01,세림북유통,실전만점 영어 고2,5030,13300
2024-01,세림북유통,첫걸음 수학 초6,2940,9730
2024-01,세림북유통,첫걸음 영어 중1,3970,10380
2024-01,하루책방닷컴,기출정복 국어 고1,3350,14080
2024-01,하루책방닷컴,실전만점 과학 고2,2630,13710
2024-01,하루책방닷컴,실전만점 수학 고2,3080,13710
2024-01,하루책방닷컴,실전만점 영어 고1,3910,13350
2024-01,책마루서점,완성노트 국어 중2,3670,10840
2024-01,책마루서점,첫걸음 영어 초5,4710,10140
2024-01,책마루서점,한권끝 영어 초6,4110,10490
2024-01,글벗문고,실전만점 수학 고1,5850,12980
2024-01,글벗문고,첫걸음 영어 초5,4530,10170
2024-01,한빛서림,개념단단 수학 중3,4420,11850
2024-01,한빛서림,기출정복 수학 고2,4770,13940
2024-01,다온북스,기출정복 영어 고1,3140,13640
2024-01,다온북스,실전만점 수학 고2,4400,13290
2024-01,청람서점,개념단단 수학 중1,4230,10890
2024-01,청람서점,한권끝 수학 초6,3310,9130
2024-02,한솔북센,개념단단 수학 중2,14290,11280
2024-02,한솔북센,개념단단 영어 중3,8030,10640
2024-02,한솔북센,실전만점 과학 고1,6590,11600
2024-02,한솔북센,실전만점 국어 고2,6290,13210
2024-02,한솔북센,실전만점 수학 고1,10910,11920
2024-02,한솔북센,한권끝 수학 초6,10630,8380
2024-02,대명서적유통,개념단단 수학 중2,14330,11400
2024-02,대명서적유통,실전만점 수학 고1,10880,12050
2024-02,대명서적유통,실전만점 영어 고2,8630,13350
2024-02,대명서적유통,완성노트 국어 중2,8000,10100
2024-02,대명서적유통,완성노트 수학 중3,12290,12050
2024-02,북웨이브몰,개념단단 수학 중2,12750,12570
2024-02,북웨이브몰,실전만점 국어 고1,9380,13290
2024-02,북웨이브몰,첫걸음 영어 초5,6880,10410
2024-02,북웨이브몰,한권끝 과학 초6,5420,10050
2024-02,북웨이브몰,한권끝 수학 초5,8260,10770
2024-02,남강교재총판,개념단단 수학 중2,9810,11310
2024-02,남강교재총판,개념단단 영어 중3,7360,10660
2024-02,남강교재총판,기출정복 수학 고1,8170,12280
2024-02,남강교재총판,실전만점 과학 고1,4120,11630
2024-02,남강교재총판,완성노트 국어 중2,5230,10020
2024-02,페이지온몰,개념단단 국어 중3,8190,13250
2024-02,페이지온몰,개념단단 수학 중3,7210,12180
2024-02,페이지온몰,기출정복 과학 고2,4940,12890
2024-02,페이지온몰,완성노트 수학 중3,7010,13250
2024-02,세림북유통,개념단단 사회 중3,3640,11360
2024-02,세림북유통,개념단단 수학 중1,4710,10060
2024-02,세림북유통,실전만점 영어 고1,4790,12010
2024-02,세림북유통,실전만점 영어 고2,5830,13310
2024-02,세림북유통,한권끝 국어 초5,4220,8440
2024-02,하루책방닷컴,개념단단 사회 중1,3580,12250
2024-02,하루책방닷컴,실전만점 과학 고2,3380,13690
2024-02,하루책방닷컴,실전만점 수학 고1,4280,13330
2024-02,하루책방닷컴,한권끝 수학 초6,5110,9370
2024-02,책마루서점,완성노트 국어 중2,4280,10850
2024-02,책마루서점,완성노트 수학 중2,5700,12250
2024-02,책마루서점,한권끝 과학 초6,5770,9800
2024-02,글벗문고,실전만점 국어 고2,5450,14360
2024-02,글벗문고,실전만점 수학 고1,7630,12960
2024-02,한빛서림,실전만점 수학 고1,5340,12910
2024-02,한빛서림,실전만점 수학 고2,6250,13250
2024-02,다온북스,개념단단 국어 중1,4700,10510
2024-02,다온북스,실전만점 수학 고2,4810,13310
2024-02,청람서점,기출정복 영어 고1,4230,13680
2024-02,청람서점,실전만점 수학 고2,5280,13330
2024-03,한솔북센,개념단단 사회 중2,10060,10950
2024-03,한솔북센,개념단단 수학 중2,27780,11270
2024-03,한솔북센,실전만점 과학 고1,9780,11590
2024-03,한솔북센,실전만점 국어 고2,6510,13200
2024-03,한솔북센,첫걸음 수학 초6,6660,9660
2024-03,대명서적유통,개념단단 국어 중3,6880,12050
2024-03,대명서적유통,개념단단 수학 중2,13940,11400
2024-03,대명서적유통,개념단단 영어 중1,8830,11070
2024-03,대명서적유통,실전만점 국어 고1,8210,12050
2024-03,대명서적유통,실전만점 수학 고1,8330,12050
2024-03,대명서적유통,한권끝 영어 초5,4400,9120
2024-03,북웨이브몰,개념단단 국어 중1,10660,10770
2024-03,북웨이브몰,개념단단 수학 중2,12900,12560
2024-03,북웨이브몰,실전만점 국어 고1,9780,13280
2024-03,북웨이브몰,첫걸음 수학 중2,6320,12200
2024-03,남강교재총판,개념단단 수학 중1,5390,10010
2024-03,남강교재총판,개념단단 수학 중2,8610,11300
2024-03,남강교재총판,개념단단 영어 중1,4430,10980
2024-03,남강교재총판,기출정복 영어 고2,6260,13240
2024-03,남강교재총판,완성노트 국어 중2,3300,10010
2024-03,남강교재총판,한권끝 국어 초5,4080,8400
2024-03,페이지온몰,개념단단 수학 중3,7240,12170
2024-03,페이지온몰,실전만점 과학 고2,5680,13610
2024-03,페이지온몰,완성노트 영어 중2,5630,12170
2024-03,페이지온몰,첫걸음 수학 초5,5960,9670
2024-03,세림북유통,개념단단 국어 중2,4050,10040
2024-03,세림북유통,기출정복 영어 고1,5440,12640
2024-03,세림북유통,실전만점 과학 고1,3970,11660
2024-03,세림북유통,한권끝 국어 초5,3340,8420
2024-03,세림북유통,한권끝 수학 초6,3980,8420
2024-03,하루책방닷컴,기출정복 수학 고2,4070,14410
2024-03,하루책방닷컴,실전만점 국어 고1,3950,13330
2024-03,하루책방닷컴,한권끝 수학 초5,3830,10810
2024-03,하루책방닷컴,한권끝 영어 초5,2800,10080
2024-03,책마루서점,개념단단 국어 중1,5920,10490
2024-03,책마루서점,실전만점 과학 고2,4530,13280
2024-03,책마루서점,첫걸음 영어 초5,3680,10140
2024-03,글벗문고,실전만점 국어 고2,4930,14390
2024-03,글벗문고,실전만점 수학 고1,6800,12980
2024-03,한빛서림,실전만점 수학 고2,5310,13240
2024-03,한빛서림,실전만점 영어 고1,5090,12890
2024-03,다온북스,개념단단 영어 중2,5110,11890
2024-03,다온북스,한권끝 영어 초6,3420,10490
2024-03,청람서점,개념단단 영어 중1,4680,11900
2024-03,청람서점,기출정복 수학 고2,3850,13990
2024-04,한솔북센,개념단단 과학 중3,3410,10970
2024-04,한솔북센,개념단단 수학 중2,14960,11290
2024-04,한솔북센,실전만점 수학 고1,6930,11940
2024-04,한솔북센,완성노트 수학 중2,4580,11290
2024-04,한솔북센,첫걸음 영어 초5,4830,9360
2024-04,한솔북센,한권끝 국어 초6,4560,9030
2024-04,대명서적유통,개념단단 수학 중2,12860,11360
2024-04,대명서적유통,실전만점 국어 고1,4300,12010
2024-04,대명서적유통,실전만점 영어 고1,6170,12010
2024-04,대명서적유통,완성노트 국어 중3,4670,11680
2024-04,대명서적유통,첫걸음 영어 중1,3530,10380
2024-04,대명서적유통,한권끝 국어 초6,4480,9090
2024-04,북웨이브몰,개념단단 국어 중3,5010,13270
2024-04,북웨이브몰,개념단단 수학 중2,6710,12560
2024-04,북웨이브몰,실전만점 과학 고2,3530,13630
2024-04,북웨이브몰,실전만점 수학 고2,5040,13630
2024-04,북웨이브몰,실전만점 영어 고1,5620,13270
2024-04,남강교재총판,개념단단 수학 중2,8900,11280
2024-04,남강교재총판,개념단단 영어 중1,3730,10960
2024-04,남강교재총판,개념단단 영어 중3,3300,10640
2024-04,남강교재총판,기출정복 영어 고1,3920,12570
2024-04,남강교재총판,실전만점 수학 고1,3480,11930
2024-04,페이지온몰,개념단단 영어 중1,3440,12150
2024-04,페이지온몰,실전만점 영어 고2,4220,14650
2024-04,페이지온몰,완성노트 수학 중2,4460,12510
2024-04,페이지온몰,완성노트 수학 중3,3910,13220
2024-04,세림북유통,개념단단 영어 중1,2900,11000
2024-04,세림북유통,개념단단 영어 중2,3260,11000
2024-04,세림북유통,기출정복 사회 고1,1460,12950
2024-04,세림북유통,실전만점 국어 고1,3330,11980
2024-04,세림북유통,실전만점 수학 고2,2650,12300
2024-04,하루책방닷컴,개념단단 과학 중1,2430,11510
2024-04,하루책방닷컴,실전만점 국어 고1,3690,13310
2024-04,하루책방닷컴,실전만점 영어 고1,2380,13310
2024-04,하루책방닷컴,한권끝 사회 초6,1090,10070
2024-04,책마루서점,개념단단 국어 중3,4130,12940
2024-04,책마루서점,첫걸음 영어 초5,2130,10140
2024-04,책마루서점,한권끝 과학 초6,2980,9790
2024-04,글벗문고,개념단단 과학 중1,3080,11240
2024-04,글벗문고,개념단단 영어 중2,4580,11950
2024-04,한빛서림,실전만점 수학 고2,3590,13250
2024-04,한빛서림,완성노트 수학 중3,3200,12900
2024-04,다온북스,개념단단 국어 중1,2540,10510
2024-04,다온북스,개념단단 수학 중1,3040,10860
2024-04,청람서점,개념단단 수학 중1,2340,10880
2024-04,청람서점,실전만점 영어 고1,3240,12980
2024-05,한솔북센,실전만점 과학 고1,3790,11610
2024-05,한솔북센,실전만점 국어 고1,6460,11930
2024-05,한솔북센,실전만점 영어 고1,5250,11930
2024-05,한솔북센,실전만점 영어 고2,5290,13220
2024-05,한솔북센,첫걸음 영어 초6,5340,8700
2024-05,대명서적유통,개념단단 사회 중1,5560,11060
2024-05,대명서적유통,실전만점 과학 고1,4140,11710
2024-05,대명서적유통,완성노트 국어 중2,5640,10090
2024-05,대명서적유통,완성노트 국어 중3,4130,11710
2024-05,대명서적유통,완성노트 수학 중3,5900,12040
2024-05,북웨이브몰,실전만점 수학 고2,5760,13600
2024-05,북웨이브몰,실전만점 영어 고1,4480,13240
2024-05,북웨이브몰,실전만점 영어 고2,5160,14680
2024-05,북웨이브몰,한권끝 수학 초5,5360,10740
2024-05,남강교재총판,기출정복 영어 고2,3450,13210
2024-05,남강교재총판,실전만점 국어 고2,2770,13210
2024-05,남강교재총판,완성노트 국어 중2,2340,9990
2024-05,남강교재총판,한권끝 국어 초5,3200,8380
2024-05,남강교재총판,한권끝 수학 초6,4380,8380
2024-05,페이지온몰,기출정복 영어 고2,3970,14600
2024-05,페이지온몰,실전만점 영어 고2,3230,14600
2024-05,페이지온몰,완성노트 수학 중3,3720,13170
2024-05,페이지온몰,한권끝 수학 초6,3230,9260
2024-05,세림북유통,개념단단 과학 중3,1730,11020
2024-05,세림북유통,개념단단 국어 중3,2650,11990
2024-05,세림북유통,개념단단 수학 중1,3130,10050
2024-05,세림북유통,기출정복 국어 고2,1510,11990
2024-05,세림북유통,기출정복 수학 고2,2970,12960
2024-05,하루책방닷컴,개념단단 수학 중1,2350,11120
2024-05,하루책방닷컴,실전만점 수학 고1,2920,13280
2024-05,하루책방닷컴,첫걸음 수학 중2,1560,12200
2024-05,하루책방닷컴,한권끝 영어 초5,1620,10050
2024-05,책마루서점,완성노트 수학 중2,3160,12270
2024-05,책마루서점,첫걸음 영어 초5,2160,10160
2024-05,책마루서점,한권끝 영어 초6,2840,10510
2024-05,글벗문고,개념단단 영어 중2,3770,11950
2024-05,글벗문고,첫걸음 영어 초5,3000,10200
2024-05,한빛서림,개념단단 영어 중2,3290,11860
2024-05,한빛서림,기출정복 수학 고2,2710,13960
2024-05,다온북스,기출정복 영어 고1,2710,13650
2024-05,다온북스,한권끝 영어 초6,2210,10500
2024-05,청람서점,기출정복 영어 고1,2860,13690
2024-05,청람서점,실전만점 수학 고2,2060,13340
2024-06,한솔북센,개념단단 수학 중2,2060,11280
2024-06,한솔북센,실전만점 과학 고1,3740,11600
2024-06,한솔북센,실전만점 수학 고1,4610,11920
2024-06,한솔북센,실전만점 영어 고1,5020,11920
2024-06,한솔북센,첫걸음 수학 중1,3380,10950
2024-06,한솔북센,한권끝 국어 초6,3090,9020
2024-06,한솔북센,한권끝 수학 초6,9220,8380
2024-06,대명서적유통,개념단단 국어 중1,4910,9740
2024-06,대명서적유통,개념단단 수학 중2,1930,11360
2024-06,대명서적유통,개념단단 영어 중1,4370,11040
2024-06,대명서적유통,개념단단 영어 중2,4280,11040
2024-06,대명서적유통,완성노트 국어 중2,3150,10070
2024-06,대명서적유통,첫걸음 영어 중1,3630,10390
2024-06,대명서적유통,한권끝 수학 초6,6390,8440
2024-06,북웨이브몰,개념단단 국어 중3,4170,13200
2024-06,북웨이브몰,개념단단 수학 중2,2610,12480
2024-06,북웨이브몰,완성노트 국어 중2,3950,11060
2024-06,북웨이브몰,완성노트 수학 중3,5290,13200
2024-06,북웨이브몰,한권끝 수학 초6,5390,9270
2024-06,남강교재총판,개념단단 수학 중2,1290,11310
2024-06,남강교재총판,기출정복 수학 고1,2750,12280
2024-06,남강교재총판,실전만점 과학 고1,2130,11630
2024-06,남강교재총판,실전만점 국어 고1,2910,11950
2024-06,남강교재총판,실전만점 영어 고2,2780,13240
2024-06,남강교재총판,첫걸음 수학 초6,2090,9690
2024-06,남강교재총판,한권끝 수학 초6,4300,8400
2024-06,페이지온몰,개념단단 과학 중1,3250,11400
2024-06,페이지온몰,개념단단 국어 중3,4350,13180
2024-06,페이지온몰,실전만점 국어 고1,4320,13180
2024-06,페이지온몰,실전만점 영어 고1,4110,13180
2024-06,세림북유통,개념단단 수학 중1,3000,10030
2024-06,세림북유통,개념단단 수학 중2,1190,11330
2024-06,세림북유통,개념단단 영어 중2,2390,11000
2024-06,세림북유통,실전만점 영어 고1,2900,11970
2024-06,세림북유통,실전만점 영어 고2,2660,13270
2024-06,하루책방닷컴,개념단단 사회 중1,2330,12170
2024-06,하루책방닷컴,실전만점 과학 고1,2280,12890
2024-06,하루책방닷컴,한권끝 국어 초6,2170,10030
2024-06,하루책방닷컴,한권끝 영어 초5,2810,10030
2024-06,책마루서점,개념단단 국어 중3,3080,12960
2024-06,책마루서점,실전만점 수학 고1,3850,12960
2024-06,책마루서점,한권끝 영어 초6,2310,10510
2024-06,글벗문고,완성노트 과학 중3,3490,12640
2024-06,글벗문고,첫걸음 영어 초5,4170,10180
2024-06,한빛서림,개념단단 수학 중3,3900,11880
2024-06,한빛서림,개념단단 영어 중2,2890,11880
2024-06,다온북스,개념단단 영어 중2,3720,11900
2024-06,다온북스,첫걸음 수학 초6,1860,10500
2024-06,청람서점,개념단단 수학 중2,1550,12250
2024-06,청람서점,한권끝 과학 초6,2140,9800
2024-07,한솔북센,개념단단 국어 중3,5510,11920
2024-07,한솔북센,개념단단 수학 중2,4100,11280
2024-07,한솔북센,기출정복 영어 고1,6650,12570
2024-07,한솔북센,완성노트 수학 중3,6350,11920
2024-07,한솔북센,한권끝 국어 초5,3990,8380
2024-07,한솔북센,한권끝 수학 초6,16400,8380
2024-07,대명서적유통,개념단단 국어 중1,6610,9760
2024-07,대명서적유통,개념단단 수학 중2,3830,11390
2024-07,대명서적유통,실전만점 과학 고2,4350,12370
2024-07,대명서적유통,실전만점 국어 고1,6340,12040
2024-07,대명서적유통,완성노트 과학 중3,3100,11720
2024-07,대명서적유통,완성노트 국어 중2,3150,10090
2024-07,대명서적유통,한권끝 수학 초6,10600,8460
2024-07,북웨이브몰,개념단단 수학 중2,3930,12450
2024-07,북웨이브몰,실전만점 수학 고2,4640,13520
2024-07,북웨이브몰,완성노트 수학 중2,4770,12450
2024-07,북웨이브몰,첫걸음 수학 중2,3580,12100
2024-07,북웨이브몰,한권끝 수학 초5,4560,10670
2024-07,북웨이브몰,한권끝 수학 초6,6940,9250
2024-07,남강교재총판,개념단단 국어 중3,4340,11930
2024-07,남강교재총판,개념단단 수학 중1,4100,10000
2024-07,남강교재총판,개념단단 수학 중2,2300,11290
2024-07,남강교재총판,완성노트 영어 중3,2930,10640
2024-07,남강교재총판,한권끝 수학 초5,3500,9680
2024-07,남강교재총판,한권끝 수학 초6,7400,8390
2024-07,페이지온몰,개념단단 수학 중3,4990,12080
2024-07,페이지온몰,기출정복 수학 고1,5550,13500
2024-07,페이지온몰,실전만점 과학 고2,2960,13500
2024-07,페이지온몰,완성노트 수학 중2,6310,12440
2024-07,세림북유통,기출정복 영어 고1,3360,12660
2024-07,세림북유통,실전만점 과학 고2,2540,12340
2024-07,세림북유통,실전만점 수학 고2,4760,12340
2024-07,세림북유통,완성노트 수학 중3,3450,12010
2024-07,세림북유통,완성노트 영어 중3,2680,10710
2024-07,하루책방닷컴,기출정복 수학 고2,4130,14290
2024-07,하루책방닷컴,실전만점 수학 고1,3400,13220
2024-07,하루책방닷컴,완성노트 과학 중3,1960,12860
2024-07,하루책방닷컴,한권끝 국어 초6,2350,10000
2024-07,책마루서점,개념단단 국어 중1,3870,10510
2024-07,책마루서점,실전만점 과학 고2,3060,13310
2024-07,책마루서점,실전만점 수학 고1,4480,12960
2024-07,글벗문고,완성노트 수학 중2,4950,12290
2024-07,글벗문고,첫걸음 영어 초5,4520,10180
2024-07,한빛서림,기출정복 국어 고2,4270,12930
2024-07,한빛서림,완성노트 수학 중3,4120,12930
2024-07,다온북스,개념단단 국어 중1,3620,10490
2024-07,다온북스,한권끝 영어 초6,3260,10490
2024-07,청람서점,기출정복 영어 고1,4140,13640
2024-07,청람서점,완성노트 영어 중3,2740,11540
2024-08,한솔북센,개념단단 과학 중3,4360,10970
2024-08,한솔북센,개념단단 국어 중3,9210,11940
2024-08,한솔북센,개념단단 수학 중2,5970,11290
2024-08,한솔북센,개념단단 영어 중1,7470,10970
2024-08,한솔북센,실전만점 과학 고1,6590,11610
2024-08,한솔북센,한권끝 국어 초6,5420,9030
2024-08,한솔북센,한권끝 수학 초6,19660,8390
2024-08,대명서적유통,개념단단 국어 중2,6930,10080
2024-08,대명서적유통,개념단단 수학 중2,7760,11380
2024-08,대명서적유통,완성노트 과학 중3,6070,11710
2024-08,대명서적유통,완성노트 수학 중3,9640,12040
2024-08,대명서적유통,첫걸음 영어 초5,5600,9430
2024-08,대명서적유통,한권끝 수학 초6,19090,8460
2024-08,북웨이브몰,개념단단 국어 중3,6970,13140
2024-08,북웨이브몰,개념단단 수학 중2,6420,12430
2024-08,북웨이브몰,기출정복 영어 고1,8090,13850
2024-08,북웨이브몰,완성노트 과학 중3,4750,12790
2024-08,북웨이브몰,완성노트 수학 중1,4090,12080
2024-08,북웨이브몰,한권끝 수학 초6,9160,9240
2024-08,남강교재총판,개념단단 수학 중2,5000,11290
2024-08,남강교재총판,기출정복 영어 고2,5150,13230
2024-08,남강교재총판,실전만점 국어 고1,3940,11940
2024-08,남강교재총판,실전만점 영어 고2,5460,13230
2024-08,남강교재총판,완성노트 수학 중3,3840,11940
2024-08,남강교재총판,한권끝 수학 초6,11010,8390
2024-08,페이지온몰,개념단단 국어 중3,6640,13100
2024-08,페이지온몰,개념단단 수학 중1,6730,10980
2024-08,페이지온몰,기출정복 영어 고1,6490,13810
2024-08,페이지온몰,완성노트 영어 중2,5600,12040
2024-08,세림북유통,개념단단 과학 중3,3760,11000
2024-08,세림북유통,기출정복 수학 고2,5410,12940
2024-08,세림북유통,실전만점 과학 고2,3790,12300
2024-08,세림북유통,실전만점 국어 고1,6030,11970
2024-08,세림북유통,한권끝 사회 초6,2600,9060
2024-08,하루책방닷컴,개념단단 수학 중1,3410,11040
2024-08,하루책방닷컴,실전만점 영어 고1,4860,13180
2024-08,하루책방닷컴,한권끝 국어 초6,3420,9970
2024-08,하루책방닷컴,한권끝 수학 초6,5470,9260
2024-08,책마루서점,개념단단 국어 중3,4500,12950
2024-08,책마루서점,완성노트 수학 중2,6040,12250
2024-08,책마루서점,첫걸음 영어 초5,4130,10150
2024-08,글벗문고,실전만점 국어 고2,4120,14410
2024-08,글벗문고,실전만점 수학 고2,8060,13360
2024-08,한빛서림,기출정복 국어 고2,5050,12910
2024-08,한빛서림,완성노트 수학 중3,5740,12910
2024-08,다온북스,개념단단 국어 중1,5010,10490
2024-08,다온북스,한권끝 영어 초6,3850,10490
2024-08,청람서점,기출정복 영어 고1,5200,13660
2024-08,청람서점,한권끝 과학 초6,3660,9810
2024-09,한솔북센,개념단단 과학 중3,6320,10970
2024-09,한솔북센,개념단단 국어 중3,8630,11940
2024-09,한솔북센,개념단단 수학 중2,7110,11290
2024-09,한솔북센,실전만점 국어 고1,7620,11940
2024-09,한솔북센,완성노트 수학 중3,15310,11940
2024-09,대명서적유통,개념단단 영어 중2,7580,11040
2024-09,대명서적유통,실전만점 수학 고1,6650,12010
2024-09,대명서적유통,실전만점 영어 고2,5610,13310
2024-09,대명서적유통,완성노트 수학 중3,10410,12010
2024-09,대명서적유통,첫걸음 수학 초6,5680,9740
2024-09,대명서적유통,한권끝 영어 초5,4970,9090
2024-09,북웨이브몰,실전만점 국어 고1,5160,13140
2024-09,북웨이브몰,실전만점 국어 고2,4560,14560
2024-09,북웨이브몰,완성노트 수학 중2,7820,12430
2024-09,북웨이브몰,완성노트 수학 중3,9750,13140
2024-09,북웨이브몰,첫걸음 수학 초5,5100,9590
2024-09,남강교재총판,개념단단 과학 중3,2960,10950
2024-09,남강교재총판,개념단단 영어 중1,5100,10950
2024-09,남강교재총판,개념단단 영어 중3,5010,10620
2024-09,남강교재총판,실전만점 국어 고2,2610,13200
2024-09,남강교재총판,완성노트 국어 중3,3640,11590
2024-09,남강교재총판,완성노트 수학 중3,6760,11910
2024-09,페이지온몰,개념단단 수학 중3,6950,12040
2024-09,페이지온몰,실전만점 국어 고1,5060,13110
2024-09,페이지온몰,실전만점 국어 고2,3940,14520
2024-09,페이지온몰,첫걸음 수학 초5,4790,9560
2024-09,세림북유통,기출정복 수학 고2,3710,12970
2024-09,세림북유통,실전만점 과학 고1,3470,11670
2024-09,세림북유통,실전만점 과학 고2,3110,12320
2024-09,세림북유통,실전만점 수학 고2,4730,12320
2024-09,세림북유통,첫걸음 수학 초6,2570,9730
2024-09,하루책방닷컴,개념단단 수학 중1,4060,11050
2024-09,하루책방닷컴,실전만점 과학 고2,2690,13540
2024-09,하루책방닷컴,실전만점 국어 고2,3190,14610
2024-09,하루책방닷컴,첫걸음 수학 중2,2460,12120
2024-09,책마루서점,실전만점 과학 고2,3700,13300
2024-09,책마루서점,완성노트 국어 중2,3520,10850
2024-09,책마루서점,첫걸음 영어 초5,4730,10150
2024-09,글벗문고,실전만점 국어 고2,4690,14420
2024-09,글벗문고,첫걸음 영어 초5,5230,10200
2024-09,한빛서림,기출정복 국어 고2,3940,12900
2024-09,한빛서림,기출정복 수학 고2,4860,13950
2024-09,다온북스,기출정복 영어 고1,3940,13650
2024-09,다온북스,실전만점 수학 고2,3280,13300
2024-09,청람서점,개념단단 수학 중1,4030,10850
2024-09,청람서점,실전만점 영어 고1,3190,12950
2024-10,한솔북센,개념단단 국어 중1,4530,9660
2024-10,한솔북센,실전만점 과학 고2,3000,12240
2024-10,한솔북센,실전만점 수학 고1,4510,11920
2024-10,한솔북센,완성노트 수학 중3,13720,11920
2024-10,한솔북센,첫걸음 수학 중1,3590,10950
2024-10,한솔북센,한권끝 국어 초5,3310,8370
2024-10,한솔북센,한권끝 수학 초6,2070,8370
2024-10,대명서적유통,개념단단 영어 중1,4700,11060
2024-10,대명서적유통,실전만점 수학 고2,4950,12360
2024-10,대명서적유통,완성노트 국어 중1,3010,11060
2024-10,대명서적유통,완성노트 국어 중2,3830,10090
2024-10,대명서적유통,완성노트 수학 중3,8710,12040
2024-10,대명서적유통,한권끝 사회 초5,2200,8460
2024-10,대명서적유통,한권끝 수학 초6,2470,8460
2024-10,북웨이브몰,개념단단 수학 중2,4100,12400
2024-10,북웨이브몰,완성노트 국어 중2,2750,10990
2024-10,북웨이브몰,완성노트 수학 중1,2940,12050
2024-10,북웨이브몰,완성노트 수학 중2,4580,12400
2024-10,북웨이브몰,완성노트 수학 중3,5570,13110
2024-10,북웨이브몰,한권끝 수학 초6,2330,9210
2024-10,남강교재총판,기출정복 과학 고2,2230,11600
2024-10,남강교재총판,기출정복 영어 고2,3000,13220
2024-10,남강교재총판,실전만점 국어 고1,2610,11930
2024-10,남강교재총판,실전만점 수학 고2,3430,12250
2024-10,남강교재총판,완성노트 수학 중3,6810,11930
2024-10,남강교재총판,한권끝 수학 초6,1550,8380
2024-10,페이지온몰,기출정복 수학 고2,4970,14130
2024-10,페이지온몰,기출정복 영어 고2,5300,14490
2024-10,페이지온몰,완성노트 영어 중2,2880,12010
2024-10,페이지온몰,첫걸음 수학 중1,2890,12010
2024-10,세림북유통,실전만점 국어 고2,2330,13290
2024-10,세림북유통,실전만점 수학 고2,3230,12320
2024-10,세림북유통,실전만점 영어 고2,2670,13290
2024-10,세림북유통,완성노트 영어 중3,2270,10700
2024-10,세림북유통,한권끝 수학 초6,1390,8430
2024-10,하루책방닷컴,개념단단 수학 중1,2740,11010
2024-10,하루책방닷컴,기출정복 국어 고1,2570,13850
2024-10,하루책방닷컴,실전만점 과학 고2,1880,13490
2024-10,하루책방닷컴,실전만점 국어 고1,2400,13140
2024-10,책마루서점,개념단단 과학 중1,2550,11180
2024-10,책마루서점,실전만점 과학 고2,3750,13270
2024-10,책마루서점,완성노트 국어 중2,2940,10830
2024-10,글벗문고,개념단단 영어 중2,4270,11940
2024-10,글벗문고,완성노트 수학 중2,3400,12290
2024-10,한빛서림,기출정복 수학 고2,3380,13940
2024-10,한빛서림,실전만점 수학 고2,3420,13250
2024-10,다온북스,기출정복 영어 고1,2860,13640
2024-10,다온북스,실전만점 수학 고2,2720,13290
2024-10,청람서점,개념단단 수학 중2,2860,12250
2024-10,청람서점,개념단단 영어 중1,2720,11900
2024-11,한솔북센,개념단단 영어 중1,8690,10970
2024-11,한솔북센,실전만점 과학 고1,4390,11620
2024-11,한솔북센,실전만점 수학 고2,7710,12270
2024-11,한솔북센,완성노트 수학 중3,16680,11940
2024-11,한솔북센,한권끝 수학 초6,4890,8390
2024-11,대명서적유통,개념단단 영어 중2,5750,11030
2024-11,대명서적유통,기출정복 영어 고1,5130,12650
2024-11,대명서적유통,완성노트 수학 중3,11960,12010
2024-11,대명서적유통,첫걸음 수학 초6,4310,9730
2024-11,대명서적유통,첫걸음 영어 초5,4040,9410
2024-11,대명서적유통,한권끝 국어 초6,3250,9090
2024-11,대명서적유통,한권끝 수학 초6,3690,8440
2024-11,북웨이브몰,실전만점 수학 고2,4790,13420
2024-11,북웨이브몰,실전만점 영어 고2,4510,14480
2024-11,북웨이브몰,완성노트 수학 중3,7940,13060
2024-11,북웨이브몰,완성노트 영어 중2,3220,12000
2024-11,북웨이브몰,한권끝 수학 초5,4560,10590
2024-11,북웨이브몰,한권끝 수학 초6,3290,9180
2024-11,남강교재총판,개념단단 과학 중3,2320,10940
2024-11,남강교재총판,기출정복 영어 고1,3480,12550
2024-11,남강교재총판,실전만점 수학 고2,3630,12230
2024-11,남강교재총판,실전만점 영어 고2,3430,13190
2024-11,남강교재총판,완성노트 수학 중3,6660,11910
2024-11,남강교재총판,첫걸음 영어 초5,2540,9330
2024-11,남강교재총판,한권끝 수학 초6,1940,8370
2024-11,페이지온몰,실전만점 과학 고2,3870,13390
2024-11,페이지온몰,실전만점 수학 고1,4870,13040
2024-11,페이지온몰,실전만점 영어 고2,4660,14450
2024-11,페이지온몰,완성노트 수학 중3,8470,13040
2024-11,세림북유통,기출정복 수학 고2,4120,12970
2024-11,세림북유통,실전만점 수학 고1,3710,12000
2024-11,세림북유통,완성노트 수학 중3,7290,12000
2024-11,세림북유통,완성노트 영어 중3,2830,10700
2024-11,세림북유통,한권끝 국어 초5,2150,8430
2024-11,하루책방닷컴,개념단단 과학 중3,2040,12080
2024-11,하루책방닷컴,개념단단 수학 중1,3020,11010
2024-11,하루책방닷컴,기출정복 국어 고1,3300,13860
2024-11,하루책방닷컴,실전만점 수학 고2,2920,13500
2024-11,책마루서점,개념단단 과학 중1,3190,11220
2024-11,책마루서점,완성노트 수학 중2,4530,12270
2024-11,책마루서점,한권끝 영어 초6,3140,10520
2024-11,글벗문고,완성노트 수학 중2,6360,12260
2024-11,글벗문고,한권끝 사회 초5,2660,9110
2024-11,한빛서림,개념단단 영어 중2,4140,11840
2024-11,한빛서림,기출정복 수학 고2,3850,13930
2024-11,다온북스,완성노트 영어 중3,2550,11530
2024-11,다온북스,한권끝 수학 초6,2410,9090
2024-11,청람서점,개념단단 영어 중1,3110,11940
2024-11,청람서점,실전만점 영어 고1,3450,13000
2024-12,한솔북센,개념단단 국어 중1,6670,9660
2024-12,한솔북센,개념단단 영어 중1,13630,10950
2024-12,한솔북센,실전만점 과학 고2,5570,12230
2024-12,한솔북센,실전만점 국어 고1,8650,11910
2024-12,한솔북센,첫걸음 수학 중1,4400,10950
2024-12,한솔북센,첫걸음 수학 중2,5910,10950
2024-12,한솔북센,한권끝 수학 초6,5440,8370
2024-12,대명서적유통,개념단단 국어 중1,7210,9770
2024-12,대명서적유통,개념단단 영어 중1,11910,11070
2024-12,대명서적유통,실전만점 영어 고1,5550,12050
2024-12,대명서적유통,완성노트 과학 중3,4230,11720
2024-12,대명서적유통,완성노트 수학 중3,6130,12050
2024-12,대명서적유통,완성노트 영어 중2,5480,11070
2024-12,대명서적유통,한권끝 수학 초6,6530,8470
2024-12,북웨이브몰,개념단단 영어 중1,5970,12010
2024-12,북웨이브몰,기출정복 수학 고1,6300,13430
2024-12,북웨이브몰,완성노트 수학 중3,6980,13070
2024-12,북웨이브몰,첫걸음 수학 중2,4430,12010
2024-12,북웨이브몰,한권끝 수학 초5,7070,10600
2024-12,북웨이브몰,한권끝 수학 초6,5460,9190
2024-12,남강교재총판,개념단단 영어 중1,7090,10960
2024-12,남강교재총판,기출정복 과학 고2,3510,11610
2024-12,남강교재총판,실전만점 과학 고2,3660,12250
2024-12,남강교재총판,실전만점 영어 고2,5030,13220
2024-12,남강교재총판,완성노트 국어 중3,3530,11610
2024-12,남강교재총판,첫걸음 영어 초5,2770,9350
2024-12,남강교재총판,한권끝 수학 초6,4170,8380
2024-12,페이지온몰,개념단단 과학 중1,6210,11270
2024-12,페이지온몰,실전만점 과학 고2,5700,13390
2024-12,페이지온몰,실전만점 국어 고2,5140,14450
2024-12,페이지온몰,실전만점 영어 고2,7450,14450
2024-12,세림북유통,개념단단 사회 중2,3360,11040
2024-12,세림북유통,개념단단 영어 중1,8330,11040
2024-12,세림북유통,실전만점 국어 고2,3050,13310
2024-12,세림북유통,실전만점 수학 고2,4780,12340
2024-12,세림북유통,첫걸음 수학 초5,4220,8760
2024-12,하루책방닷컴,개념단단 수학 중2,4050,12400
2024-12,하루책방닷컴,실전만점 과학 고1,3390,12760
2024-12,하루책방닷컴,실전만점 국어 고1,3810,13110
2024-12,하루책방닷컴,실전만점 영어 고2,3400,14530
2024-12,책마루서점,완성노트 국어 중2,4230,10860
2024-12,책마루서점,완성노트 수학 중2,5550,12260
2024-12,책마루서점,한권끝 영어 초6,4350,10510
2024-12,글벗문고,개념단단 영어 중2,7050,11950
2024-12,글벗문고,완성노트 과학 중3,4670,12650
2024-12,한빛서림,기출정복 국어 고2,4860,12890
2024-12,한빛서림,실전만점 국어 고2,5530,14280
2024-12,다온북스,개념단단 영어 중2,4050,11920
2024-12,다온북스,기출정복 영어 고1,4480,13670
2024-12,청람서점,개념단단 영어 중1,4680,11930
2024-12,청람서점,기출정복 수학 고2,4350,14030
2025-01,한솔북센,개념단단 영어 중1,16850,10960
2025-01,한솔북센,기출정복 영어 고1,7050,12570
2025-01,한솔북센,실전만점 과학 고1,6200,11600
2025-01,한솔북센,완성노트 수학 중3,3140,11920
2025-01,한솔북센,첫걸음 수학 중2,6320,10960
2025-01,한솔북센,첫걸음 수학 초6,4470,9670
2025-01,대명서적유통,개념단단 영어 중1,11580,11060
2025-01,대명서적유통,실전만점 과학 고2,4610,12360
2025-01,대명서적유통,실전만점 국어 고2,4430,13330
2025-01,대명서적유통,실전만점 수학 고1,6130,12030
2025-01,대명서적유통,실전만점 영어 고2,7070,13330
2025-01,대명서적유통,완성노트 수학 중3,2200,12030
2025-01,대명서적유통,첫걸음 수학 초6,4120,9760
2025-01,북웨이브몰,개념단단 수학 중2,7860,12360
2025-01,북웨이브몰,개념단단 영어 중1,7320,12010
2025-01,북웨이브몰,개념단단 영어 중3,6250,11650
2025-01,북웨이브몰,완성노트 수학 중3,3240,13070
2025-01,북웨이브몰,첫걸음 수학 중1,4010,12010
2025-01,남강교재총판,개념단단 과학 중2,3330,11290
2025-01,남강교재총판,개념단단 수학 중2,4020,11290
2025-01,남강교재총판,개념단단 영어 중1,7170,10960
2025-01,남강교재총판,기출정복 수학 고1,4330,12250
2025-01,남강교재총판,기출정복 영어 고2,4040,13220
2025-01,남강교재총판,완성노트 수학 중3,1920,11930
2025-01,페이지온몰,개념단단 수학 중2,5830,12280
2025-01,페이지온몰,개념단단 수학 중3,5580,11930
2025-01,페이지온몰,실전만점 수학 고2,5850,13330
2025-01,페이지온몰,첫걸음 영어 초5,3560,10170
2025-01,세림북유통,개념단단 사회 중2,2380,11020
2025-01,세림북유통,개념단단 영어 중1,9010,11020
2025-01,세림북유통,실전만점 수학 고2,3960,12310
2025-01,세림북유통,완성노트 과학 중2,3100,10690
2025-01,세림북유통,한권끝 수학 초6,3460,8430
2025-01,하루책방닷컴,기출정복 국어 고1,4340,13800
2025-01,하루책방닷컴,실전만점 국어 고1,3490,13100
2025-01,하루책방닷컴,실전만점 수학 고1,3190,13100
2025-01,하루책방닷컴,한권끝 사회 초6,1430,9910
2025-01,책마루서점,개념단단 과학 중1,2860,11210
2025-01,책마루서점,개념단단 국어 중3,5800,12960
2025-01,책마루서점,완성노트 국어 중2,3330,10860
2025-01,글벗문고,개념단단 과학 중1,4550,11220
2025-01,글벗문고,완성노트 수학 중2,5410,12270
2025-01,한빛서림,개념단단 수학 중3,5410,11870
2025-01,한빛서림,기출정복 국어 고2,3410,12920
2025-01,다온북스,개념단단 국어 중1,3680,10500
2025-01,다온북스,개념단단 수학 중1,3560,10850
2025-01,청람서점,기출정복 영어 고1,3780,13670
2025-01,청람서점,실전만점 영어 고1,3460,12970
2025-02,한솔북센,개념단단 국어 중3,6750,11960
2025-02,한솔북센,개념단단 영어 중1,22410,10990
2025-02,한솔북센,기출정복 영어 고2,8600,13250
2025-02,한솔북센,실전만점 과학 고1,5100,11630
2025-02,한솔북센,실전만점 국어 고2,6140,13250
2025-02,한솔북센,실전만점 영어 고1,7050,11960
2025-02,한솔북센,완성노트 수학 중3,4150,11960
2025-02,대명서적유통,개념단단 국어 중1,7140,9730
2025-02,대명서적유통,개념단단 국어 중2,7730,10050
2025-02,대명서적유통,개념단단 영어 중1,15180,11030
2025-02,대명서적유통,실전만점 과학 고1,5580,11670
2025-02,대명서적유통,실전만점 국어 고1,6600,12000
2025-02,대명서적유통,실전만점 영어 고1,5930,12000
2025-02,대명서적유통,완성노트 수학 중3,4500,12000
2025-02,북웨이브몰,개념단단 국어 중1,7070,10540
2025-02,북웨이브몰,개념단단 영어 중1,9100,11940
2025-02,북웨이브몰,기출정복 영어 고1,8280,13700
2025-02,북웨이브몰,실전만점 국어 고1,5840,13000
2025-02,북웨이브몰,완성노트 수학 중3,4150,13000
2025-02,북웨이브몰,첫걸음 수학 중2,4540,11940
2025-02,남강교재총판,개념단단 수학 중2,4690,11270
2025-02,남강교재총판,개념단단 영어 중1,11980,10940
2025-02,남강교재총판,기출정복 영어 고1,4240,12550
2025-02,남강교재총판,실전만점 국어 고1,5260,11910
2025-02,남강교재총판,실전만점 수학 고1,3730,11910
2025-02,남강교재총판,완성노트 수학 중3,2490,11910
2025-02,남강교재총판,한권끝 국어 초5,2690,8370
2025-02,페이지온몰,개념단단 수학 중3,8030,11930
2025-02,페이지온몰,개념단단 영어 중1,10530,11930
2025-02,페이지온몰,실전만점 국어 고2,5410,14390
2025-02,페이지온몰,완성노트 수학 중2,6020,12280
2025-02,세림북유통,실전만점 과학 고1,2930,11650
2025-02,세림북유통,실전만점 수학 고1,6080,11970
2025-02,세림북유통,완성노트 영어 중3,3200,10680
2025-02,세림북유통,한권끝 국어 초5,3890,8410
2025-02,세림북유통,한권끝 수학 초6,6150,8410
2025-02,하루책방닷컴,개념단단 사회 중1,4360,12000
2025-02,하루책방닷컴,실전만점 과학 고1,4370,12710
2025-02,하루책방닷컴,한권끝 국어 초6,3710,9880
2025-02,하루책방닷컴,한권끝 영어 초5,3250,9880
2025-02,책마루서점,개념단단 국어 중3,6130,12970
2025-02,책마루서점,실전만점 과학 고2,3910,13320
2025-02,책마루서점,첫걸음 영어 초5,5090,10170
2025-02,글벗문고,실전만점 국어 고2,5170,14370
2025-02,글벗문고,완성노트 수학 중2,7380,12260
2025-02,한빛서림,개념단단 수학 중3,5420,11850
2025-02,한빛서림,실전만점 영어 고1,5710,12890
2025-02,다온북스,첫걸음 수학 초6,4930,10510
2025-02,다온북스,한권끝 영어 초6,4200,10510
2025-02,청람서점,기출정복 수학 고2,5180,14010
2025-02,청람서점,실전만점 영어 고1,3950,12960
2025-03,한솔북센,개념단단 국어 중3,10450,11920
2025-03,한솔북센,실전만점 과학 고2,5850,12240
2025-03,한솔북센,완성노트 과학 중3,6980,11590
2025-03,한솔북센,완성노트 수학 중3,6150,11920
2025-03,한솔북센,첫걸음 수학 초6,6340,9660
2025-03,한솔북센,첫걸음 영어 초5,6640,9340
2025-03,대명서적유통,개념단단 국어 중1,7950,9760
2025-03,대명서적유통,실전만점 국어 고2,6970,13340
2025-03,대명서적유통,완성노트 수학 중3,7630,12030
2025-03,대명서적유통,완성노트 영어 중2,4650,11060
2025-03,대명서적유통,한권끝 수학 초6,7040,8460
2025-03,대명서적유통,한권끝 영어 초5,6620,9110
2025-03,북웨이브몰,실전만점 국어 고2,6000,14430
2025-03,북웨이브몰,실전만점 수학 고1,8510,13020
2025-03,북웨이브몰,실전만점 영어 고1,6980,13020
2025-03,북웨이브몰,완성노트 수학 중3,6460,13020
2025-03,북웨이브몰,한권끝 국어 초5,5450,9150
2025-03,남강교재총판,개념단단 수학 중1,4900,9980
2025-03,남강교재총판,개념단단 영어 중1,5580,10940
2025-03,남강교재총판,기출정복 수학 고1,6520,12230
2025-03,남강교재총판,완성노트 수학 중3,4080,11910
2025-03,남강교재총판,한권끝 국어 초5,5060,8370
2025-03,페이지온몰,개념단단 수학 중2,6260,12280
2025-03,페이지온몰,기출정복 영어 고1,6090,13680
2025-03,페이지온몰,실전만점 영어 고2,6980,14380
2025-03,페이지온몰,한권끝 국어 초5,4210,9120
2025-03,세림북유통,실전만점 과학 고2,2440,12310
2025-03,세림북유통,실전만점 국어 고1,4320,11990
2025-03,세림북유통,실전만점 수학 고2,4640,12310
2025-03,세림북유통,실전만점 영어 고1,5150,11990
2025-03,세림북유통,완성노트 수학 중3,2900,11990
2025-03,하루책방닷컴,개념단단 과학 중1,2890,11280
2025-03,하루책방닷컴,개념단단 수학 중2,5010,12340
2025-03,하루책방닷컴,한권끝 사회 초6,1810,9870
2025-03,하루책방닷컴,한권끝 수학 초5,4360,10580
2025-03,책마루서점,완성노트 수학 중2,5160,12280
2025-03,책마루서점,첫걸음 영어 초5,4550,10170
2025-03,책마루서점,한권끝 과학 초6,3850,9820
2025-03,글벗문고,실전만점 수학 고2,5930,13360
2025-03,글벗문고,완성노트 수학 중2,5330,12310
2025-03,한빛서림,실전만점 수학 고1,5570,12930
2025-03,한빛서림,실전만점 영어 고1,4410,12930
2025-03,다온북스,개념단단 국어 중1,4930,10490
2025-03,다온북스,완성노트 영어 중3,3260,11540
2025-03,청람서점,실전만점 영어 고1,4420,12970
2025-03,청람서점,한권끝 수학 초6,3760,9110
2025-04,한솔북센,개념단단 영어 중1,2070,10970
2025-04,한솔북센,기출정복 수학 고1,3740,12260
2025-04,한솔북센,기출정복 영어 고1,7850,12580
2025-04,한솔북센,기출정복 영어 고2,3380,13230
2025-04,한솔북센,실전만점 영어 고1,4670,11940
2025-04,한솔북센,실전만점 영어 고2,4300,13230
2025-04,한솔북센,첫걸음 수학 중1,3300,10970
2025-04,대명서적유통,개념단단 국어 중3,4940,12030
2025-04,대명서적유통,개념단단 영어 중1,1890,11060
2025-04,대명서적유통,기출정복 영어 고1,7060,12680
2025-04,대명서적유통,실전만점 과학 고2,3680,12360
2025-04,대명서적유통,실전만점 수학 고2,4510,12360
2025-04,대명서적유통,완성노트 국어 중3,3040,11710
2025-04,대명서적유통,완성노트 영어 중2,2670,11060
2025-04,북웨이브몰,개념단단 영어 중1,1660,11930
2025-04,북웨이브몰,개념단단 영어 중3,3840,11580
2025-04,북웨이브몰,기출정복 수학 고1,3510,13330
2025-04,북웨이브몰,기출정복 영어 고1,5610,13680
2025-04,북웨이브몰,실전만점 영어 고1,3430,12980
2025-04,북웨이브몰,완성노트 수학 중3,3630,12980
2025-04,남강교재총판,개념단단 국어 중3,2540,11930
2025-04,남강교재총판,개념단단 수학 중1,2810,10000
2025-04,남강교재총판,개념단단 영어 중1,1170,10960
2025-04,남강교재총판,기출정복 과학 고2,1740,11610
2025-04,남강교재총판,기출정복 수학 고1,2770,12250
2025-04,남강교재총판,기출정복 영어 고1,4260,12580
2025-04,남강교재총판,실전만점 국어 고1,2360,11930
2025-04,페이지온몰,개념단단 수학 중1,4260,10830
2025-04,페이지온몰,개념단단 수학 중3,3650,11870
2025-04,페이지온몰,기출정복 국어 고1,4110,13620
2025-04,페이지온몰,실전만점 수학 고2,3370,13270
2025-04,세림북유통,개념단단 국어 중3,3030,12000
2025-04,세림북유통,개념단단 수학 중2,2850,11350
2025-04,세림북유통,개념단단 영어 중1,1260,11030
2025-04,세림북유통,실전만점 국어 고2,1930,13300
2025-04,세림북유통,실전만점 수학 고1,2440,12000
2025-04,하루책방닷컴,개념단단 사회 중1,1820,11970
2025-04,하루책방닷컴,개념단단 수학 중1,2490,10920
2025-04,하루책방닷컴,개념단단 수학 중2,2290,12320
2025-04,하루책방닷컴,한권끝 수학 초6,2600,9150
2025-04,책마루서점,개념단단 국어 중1,3650,10520
2025-04,책마루서점,실전만점 수학 고1,2500,12970
2025-04,책마루서점,한권끝 영어 초6,2720,10520
2025-04,글벗문고,실전만점 국어 고2,3850,14400
2025-04,글벗문고,첫걸음 영어 초5,3510,10180
2025-04,한빛서림,기출정복 국어 고2,3170,12900
2025-04,한빛서림,기출정복 수학 고2,3360,13950
2025-04,다온북스,개념단단 영어 중2,3110,11920
2025-04,다온북스,완성노트 영어 중3,2250,11570
2025-04,청람서점,기출정복 수학 고2,2890,14040
2025-04,청람서점,실전만점 수학 고2,2460,13330
2025-05,한솔북센,개념단단 국어 중1,3750,9670
2025-05,한솔북센,개념단단 국어 중3,4080,11930
2025-05,한솔북센,개념단단 영어 중1,2470,10960
2025-05,한솔북센,기출정복 수학 고1,3150,12250
2025-05,한솔북센,기출정복 영어 고1,7980,12570
2025-05,한솔북센,실전만점 수학 고2,4170,12250
2025-05,한솔북센,첫걸음 영어 초6,2310,8710
2025-05,대명서적유통,개념단단 영어 중1,2680,11060
2025-05,대명서적유통,기출정복 영어 고1,6840,12680
2025-05,대명서적유통,실전만점 국어 고2,3740,13330
2025-05,대명서적유통,실전만점 수학 고2,3930,12360
2025-05,대명서적유통,실전만점 영어 고2,4000,13330
2025-05,대명서적유통,첫걸음 영어 중1,2910,10410
2025-05,대명서적유통,한권끝 사회 초5,1710,8460
2025-05,북웨이브몰,개념단단 국어 중3,3040,12940
2025-05,북웨이브몰,개념단단 영어 중1,2350,11890
2025-05,북웨이브몰,기출정복 영어 고1,5820,13630
2025-05,북웨이브몰,실전만점 수학 고2,3270,13280
2025-05,북웨이브몰,완성노트 과학 중3,2190,12590
2025-05,북웨이브몰,한권끝 수학 초5,3330,10490
2025-05,남강교재총판,개념단단 수학 중1,2780,10000
2025-05,남강교재총판,개념단단 영어 중1,1430,10960
2025-05,남강교재총판,기출정복 수학 고1,2370,12250
2025-05,남강교재총판,기출정복 영어 고1,3980,12580
2025-05,남강교재총판,실전만점 과학 고1,1720,11610
2025-05,남강교재총판,실전만점 수학 고1,2090,11930
2025-05,남강교재총판,한권끝 수학 초5,2060,9670
2025-05,페이지온몰,실전만점 국어 고2,2300,14290
2025-05,페이지온몰,실전만점 수학 고1,4470,12900
2025-05,페이지온몰,첫걸음 수학 초5,3440,9410
2025-05,페이지온몰,한권끝 수학 초6,3380,9060
2025-05,세림북유통,개념단단 사회 중2,1750,11010
2025-05,세림북유통,기출정복 국어 고2,2270,11980
2025-05,세림북유통,기출정복 수학 고2,3140,12950
2025-05,세림북유통,실전만점 과학 고2,1870,12300
2025-05,세림북유통,실전만점 영어 고2,2480,13270
2025-05,하루책방닷컴,개념단단 수학 중2,1900,12270
2025-05,하루책방닷컴,기출정복 수학 고2,2520,14020
2025-05,하루책방닷컴,실전만점 국어 고1,1900,12970
2025-05,하루책방닷컴,실전만점 수학 고1,1790,12970
2025-05,책마루서점,완성노트 국어 중2,2900,10850
2025-05,책마루서점,한권끝 과학 초6,2330,9800
2025-05,책마루서점,한권끝 영어 초6,2600,10500
2025-05,글벗문고,개념단단 영어 중2,3230,11930
2025-05,글벗문고,완성노트 수학 중2,3260,12280
2025-05,한빛서림,실전만점 국어 고2,3120,14300
2025-05,한빛서림,첫걸음 수학 초6,2630,10470
2025-05,다온북스,개념단단 국어 중1,2670,10490
2025-05,다온북스,실전만점 수학 고2,2060,13280
2025-05,청람서점,개념단단 수학 중1,2340,10890
2025-05,청람서점,한권끝 수학 초6,2380,9130
2025-06,한솔북센,개념단단 국어 중1,3490,9670
2025-06,한솔북센,개념단단 국어 중3,7230,11920
2025-06,한솔북센,개념단단 영어 중1,3840,10950
2025-06,한솔북센,기출정복 영어 고1,10510,12560
2025-06,한솔북센,실전만점 국어 고2,3050,13210
2025-06,한솔북센,실전만점 영어 고1,4280,11920
2025-06,한솔북센,완성노트 과학 중3,2310,11600
2025-06,한솔북센,첫걸음 영어 초5,2970,9340
2025-06,대명서적유통,개념단단 국어 중3,5930,12010
2025-06,대명서적유통,개념단단 영어 중1,2970,11040
2025-06,대명서적유통,기출정복 영어 고1,7690,12660
2025-06,대명서적유통,실전만점 영어 고1,3700,12010
2025-06,대명서적유통,완성노트 과학 중3,3060,11690
2025-06,대명서적유통,완성노트 영어 중2,2670,11040
2025-06,대명서적유통,한권끝 수학 초6,4060,8440
2025-06,대명서적유통,한권끝 영어 초5,3440,9090
2025-06,북웨이브몰,개념단단 국어 중3,3850,12950
2025-06,북웨이브몰,개념단단 영어 중1,3070,11900
2025-06,북웨이브몰,기출정복 영어 고1,5770,13650
2025-06,북웨이브몰,실전만점 과학 고1,2460,12600
2025-06,북웨이브몰,실전만점 국어 고1,3080,12950
2025-06,북웨이브몰,실전만점 수학 고2,3920,13300
2025-06,북웨이브몰,한권끝 수학 초6,2720,9100
2025-06,남강교재총판,개념단단 과학 중2,1590,11280
2025-06,남강교재총판,개념단단 국어 중3,3090,11930
2025-06,남강교재총판,개념단단 수학 중1,2760,9990
2025-06,남강교재총판,개념단단 영어 중1,2320,10960
2025-06,남강교재총판,기출정복 영어 고1,5660,12570
2025-06,남강교재총판,실전만점 영어 고1,2590,11930
2025-06,남강교재총판,완성노트 국어 중3,1470,11610
2025-06,남강교재총판,한권끝 수학 초6,1970,8380
2025-06,페이지온몰,개념단단 국어 중3,5730,12900
2025-06,페이지온몰,완성노트 수학 중2,4670,12200
2025-06,페이지온몰,첫걸음 수학 중1,2880,11850
2025-06,페이지온몰,첫걸음 수학 초5,3250,9410
2025-06,세림북유통,개념단단 영어 중2,2750,11000
2025-06,세림북유통,기출정복 수학 고2,2720,12940
2025-06,세림북유통,기출정복 영어 고1,6260,12620
2025-06,세림북유통,완성노트 수학 중3,2220,11970
2025-06,세림북유통,한권끝 수학 초6,2640,8410
2025-06,하루책방닷컴,기출정복 수학 고2,2190,13990
2025-06,하루책방닷컴,실전만점 국어 고2,2100,14340
2025-06,하루책방닷컴,실전만점 영어 고1,2550,12940
2025-06,하루책방닷컴,한권끝 수학 초5,2370,10490
2025-06,책마루서점,개념단단 과학 중1,2030,11180
2025-06,책마루서점,개념단단 국어 중3,3880,12920
2025-06,책마루서점,실전만점 수학 고1,3370,12920
2025-06,글벗문고,실전만점 수학 고1,4310,13010
2025-06,글벗문고,완성노트 과학 중3,3050,12650
2025-06,한빛서림,기출정복 국어 고2,3410,12900
2025-06,한빛서림,기출정복 수학 고2,3110,13940
2025-06,다온북스,실전만점 수학 고2,3580,13310
2025-06,다온북스,완성노트 영어 중3,1780,11560
2025-06,청람서점,기출정복 수학 고2,2840,14040
2025-06,청람서점,실전만점 수학 고2,2510,13340
2025-07,한솔북센,개념단단 국어 중3,17170,11920
2025-07,한솔북센,개념단단 영어 중1,7290,10950
2025-07,한솔북센,기출정복 영어 고2,5370,13210
2025-07,한솔북센,실전만점 과학 고2,3670,12240
2025-07,한솔북센,실전만점 수학 고1,5960,11920
2025-07,한솔북센,첫걸음 영어 초5,5240,9340
2025-07,대명서적유통,개념단단 국어 중3,11700,12000
2025-07,대명서적유통,개념단단 수학 중2,6490,11350
2025-07,대명서적유통,기출정복 영어 고1,5550,12650
2025-07,대명서적유통,실전만점 수학 고2,5510,12330
2025-07,대명서적유통,실전만점 영어 고1,5580,12000
2025-07,대명서적유통,한권끝 국어 초5,4800,8430
2025-07,북웨이브몰,개념단단 국어 중3,8690,12880
2025-07,북웨이브몰,개념단단 영어 중1,6320,11840
2025-07,북웨이브몰,완성노트 수학 중3,4710,12880
2025-07,북웨이브몰,완성노트 영어 중3,3930,11490
2025-07,북웨이브몰,한권끝 수학 초5,6730,10440
2025-07,남강교재총판,개념단단 국어 중3,7390,11920
2025-07,남강교재총판,기출정복 과학 고2,3090,11590
2025-07,남강교재총판,실전만점 수학 고1,5300,11920
2025-07,남강교재총판,실전만점 영어 고1,4480,11920
2025-07,남강교재총판,완성노트 수학 중3,4940,11920
2025-07,페이지온몰,개념단단 국어 중3,6680,12850
2025-07,페이지온몰,실전만점 수학 고1,4700,12850
2025-07,페이지온몰,실전만점 영어 고2,5900,14240
2025-07,페이지온몰,첫걸음 영어 초5,3650,10070
2025-07,세림북유통,개념단단 과학 중3,2770,11020
2025-07,세림북유통,실전만점 과학 고2,2160,12320
2025-07,세림북유통,실전만점 영어 고1,3680,11990
2025-07,세림북유통,실전만점 영어 고2,3960,13290
2025-07,세림북유통,한권끝 수학 초6,3550,8430
2025-07,하루책방닷컴,개념단단 과학 중1,2030,11170
2025-07,하루책방닷컴,실전만점 과학 고1,2810,12570
2025-07,하루책방닷컴,실전만점 영어 고1,3460,12920
2025-07,하루책방닷컴,실전만점 영어 고2,3060,14320
2025-07,책마루서점,개념단단 국어 중1,4570,10520
2025-07,책마루서점,실전만점 과학 고2,3380,13320
2025-07,책마루서점,완성노트 국어 중2,3010,10870
2025-07,글벗문고,개념단단 과학 중1,3670,11230
2025-07,글벗문고,실전만점 수학 고2,5420,13340
2025-07,한빛서림,개념단단 수학 중3,4170,11890
2025-07,한빛서림,실전만점 수학 고2,3890,13290
2025-07,다온북스,개념단단 영어 중2,3220,11880
2025-07,다온북스,한권끝 영어 초6,3400,10480
2025-07,청람서점,기출정복 수학 고2,3520,14030
2025-07,청람서점,한권끝 수학 초6,3090,9120
2025-08,한솔북센,개념단단 과학 중3,4430,10960
2025-08,한솔북센,개념단단 국어 중3,22540,11920
2025-08,한솔북센,기출정복 영어 고1,4040,12570
2025-08,한솔북센,완성노트 수학 중3,6230,11920
2025-08,한솔북센,첫걸음 수학 중1,6120,10960
2025-08,한솔북센,첫걸음 수학 중2,4740,10960
2025-08,한솔북센,한권끝 수학 초6,6670,8380
2025-08,대명서적유통,개념단단 국어 중3,14080,12050
2025-08,대명서적유통,개념단단 사회 중1,4290,11070
2025-08,대명서적유통,개념단단 영어 중2,8350,11070
2025-08,대명서적유통,기출정복 영어 고1,3210,12700
2025-08,대명서적유통,실전만점 과학 고2,5180,12370
2025-08,대명서적유통,실전만점 수학 고2,7280,12370
2025-08,대명서적유통,한권끝 국어 초5,5480,8470
2025-08,북웨이브몰,개념단단 국어 중3,12710,12890
2025-08,북웨이브몰,기출정복 영어 고1,3400,13590
2025-08,북웨이브몰,실전만점 영어 고2,7550,14280
2025-08,북웨이브몰,완성노트 영어 중2,7330,11850
2025-08,북웨이브몰,첫걸음 영어 초5,5230,10100
2025-08,남강교재총판,개념단단 국어 중3,8050,11920
2025-08,남강교재총판,개념단단 영어 중1,4200,10960
2025-08,남강교재총판,기출정복 영어 고1,1970,12570
2025-08,남강교재총판,기출정복 영어 고2,3860,13210
2025-08,남강교재총판,실전만점 영어 고1,3710,11920
2025-08,남강교재총판,한권끝 수학 초5,4790,9670
2025-08,남강교재총판,한권끝 수학 초6,3460,8380
2025-08,페이지온몰,개념단단 수학 중3,6130,11780
2025-08,페이지온몰,실전만점 수학 고1,8250,12820
2025-08,페이지온몰,완성노트 영어 중2,4280,11780
2025-08,페이지온몰,첫걸음 수학 중1,5790,11780
2025-08,세림북유통,개념단단 영어 중1,4010,11030
2025-08,세림북유통,개념단단 영어 중2,5360,11030
2025-08,세림북유통,실전만점 영어 고2,4370,13300
2025-08,세림북유통,첫걸음 수학 초5,3590,8760
2025-08,세림북유통,한권끝 국어 초5,3400,8430
2025-08,하루책방닷컴,개념단단 과학 중3,3300,11870
2025-08,하루책방닷컴,기출정복 수학 고2,5030,13970
2025-08,하루책방닷컴,실전만점 수학 고1,4660,12920
2025-08,하루책방닷컴,한권끝 사회 초6,1610,9780
2025-08,책마루서점,개념단단 과학 중1,4530,11220
2025-08,책마루서점,개념단단 국어 중3,6070,12980
2025-08,책마루서점,실전만점 수학 고1,4880,12980
2025-08,글벗문고,기출정복 과학 고1,4110,14390
2025-08,글벗문고,실전만점 수학 고2,7580,13340
2025-08,한빛서림,기출정복 수학 고2,5720,13970
2025-08,한빛서림,실전만점 국어 고2,4640,14320
2025-08,다온북스,첫걸음 수학 초6,3840,10500
2025-08,다온북스,한권끝 영어 초6,4660,10500
2025-08,청람서점,기출정복 영어 고1,1990,13690
2025-08,청람서점,실전만점 수학 고2,4080,13340
2025-09,한솔북센,개념단단 국어 중1,7520,9680
2025-09,한솔북센,개념단단 사회 중2,5550,10970
2025-09,한솔북센,개념단단 수학 중2,7230,11290
2025-09,한솔북센,기출정복 영어 고1,4160,12580
2025-09,한솔북센,한권끝 국어 초5,4540,8390
2025-09,한솔북센,한권끝 국어 초6,5040,9030
2025-09,대명서적유통,개념단단 국어 중2,6480,10060
2025-09,대명서적유통,개념단단 사회 중1,5560,11030
2025-09,대명서적유통,기출정복 영어 고1,4490,12660
2025-09,대명서적유통,완성노트 국어 중1,5220,11030
2025-09,대명서적유통,완성노트 영어 중2,5070,11030
2025-09,대명서적유통,한권끝 국어 초6,5900,9090
2025-09,북웨이브몰,개념단단 수학 중2,5970,12180
2025-09,북웨이브몰,기출정복 영어 고1,4440,13570
2025-09,북웨이브몰,실전만점 수학 고2,6230,13230
2025-09,북웨이브몰,완성노트 영어 중3,4580,11490
2025-09,북웨이브몰,첫걸음 수학 중2,5050,11830
2025-09,남강교재총판,개념단단 과학 중2,2840,11290
2025-09,남강교재총판,개념단단 과학 중3,3460,10960
2025-09,남강교재총판,개념단단 수학 중2,4500,11290
2025-09,남강교재총판,기출정복 과학 고2,3630,11610
2025-09,남강교재총판,기출정복 영어 고1,2450,12580
2025-09,남강교재총판,첫걸음 수학 중1,4230,10960
2025-09,페이지온몰,기출정복 영어 고2,5690,14220
2025-09,페이지온몰,실전만점 과학 고2,3370,13180
2025-09,페이지온몰,실전만점 영어 고1,6330,12840
2025-09,페이지온몰,실전만점 영어 고2,4530,14220
2025-09,세림북유통,개념단단 영어 중1,3980,11030
2025-09,세림북유통,개념단단 영어 중2,4460,11030
2025-09,세림북유통,기출정복 영어 고1,1930,12660
2025-09,세림북유통,완성노트 영어 중3,2490,10710
2025-09,세림북유통,첫걸음 영어 중1,2740,10390
2025-09,하루책방닷컴,기출정복 수학 고2,3120,13960
2025-09,하루책방닷컴,실전만점 수학 고1,2750,12910
2025-09,하루책방닷컴,실전만점 영어 고1,2750,12910
2025-09,하루책방닷컴,한권끝 수학 초5,3300,10470
2025-09,책마루서점,완성노트 수학 중2,4990,12270
2025-09,책마루서점,한권끝 과학 초6,3740,9810
2025-09,책마루서점,한권끝 영어 초6,2740,10520
2025-09,글벗문고,실전만점 수학 고1,5580,12970
2025-09,글벗문고,완성노트 과학 중3,3940,12620
2025-09,한빛서림,실전만점 국어 고2,3690,14320
2025-09,한빛서림,실전만점 수학 고2,4750,13270
2025-09,다온북스,개념단단 영어 중2,3650,11890
2025-09,다온북스,기출정복 영어 고2,3270,14340
2025-09,청람서점,완성노트 영어 중3,3430,11580
2025-09,청람서점,한권끝 수학 초6,3500,9120
2025-10,한솔북센,개념단단 국어 중1,3850,9660
2025-10,한솔북센,개념단단 국어 중3,2160,11910
2025-10,한솔북센,기출정복 영어 고1,3920,12550
2025-10,한솔북센,실전만점 과학 고1,2540,11590
2025-10,한솔북센,실전만점 수학 고2,6590,12230
2025-10,한솔북센,완성노트 수학 중3,4840,11910
2025-10,한솔북센,첫걸음 수학 중1,3370,10950
2025-10,대명서적유통,개념단단 국어 중3,1880,12010
2025-10,대명서적유통,개념단단 수학 중2,3320,11360
2025-10,대명서적유통,개념단단 영어 중2,3690,11030
2025-10,대명서적유통,기출정복 영어 고1,2340,12660
2025-10,대명서적유통,실전만점 수학 고1,4090,12010
2025-10,대명서적유통,실전만점 수학 고2,4310,12330
2025-10,대명서적유통,완성노트 국어 중2,2880,10060
2025-10,대명서적유통,한권끝 수학 초6,3500,8440
2025-10,북웨이브몰,개념단단 국어 중3,1680,12860
2025-10,북웨이브몰,개념단단 수학 중2,3310,12170
2025-10,북웨이브몰,기출정복 영어 고1,2820,13560
2025-10,북웨이브몰,실전만점 수학 고2,4610,13210
2025-10,북웨이브몰,완성노트 과학 중3,2820,12510
2025-10,북웨이브몰,완성노트 영어 중2,2730,11820
2025-10,북웨이브몰,완성노트 영어 중3,2660,11470
2025-10,남강교재총판,개념단단 과학 중3,1610,10980
2025-10,남강교재총판,개념단단 국어 중3,1030,11950
2025-10,남강교재총판,개념단단 영어 중1,2600,10980
2025-10,남강교재총판,기출정복 영어 고1,2870,12600
2025-10,남강교재총판,실전만점 수학 고2,4400,12270
2025-10,남강교재총판,첫걸음 수학 초6,2440,9690
2025-10,남강교재총판,첫걸음 영어 초5,1970,9370
2025-10,페이지온몰,개념단단 영어 중1,4130,11760
2025-10,페이지온몰,기출정복 영어 고1,2900,13480
2025-10,페이지온몰,기출정복 영어 고2,3610,14180
2025-10,페이지온몰,완성노트 수학 중2,4240,12100
2025-10,세림북유통,개념단단 국어 중3,1210,11980
2025-10,세림북유통,개념단단 수학 중2,2520,11340
2025-10,세림북유통,기출정복 수학 고2,2700,12950
2025-10,세림북유통,실전만점 수학 고2,2960,12310
2025-10,세림북유통,완성노트 수학 중3,2940,11980
2025-10,하루책방닷컴,개념단단 사회 중1,2150,11810
2025-10,하루책방닷컴,기출정복 수학 고2,2710,13900
2025-10,하루책방닷컴,실전만점 과학 고2,2260,13200
2025-10,하루책방닷컴,실전만점 국어 고2,2090,14240
2025-10,책마루서점,개념단단 국어 중1,3250,10510
2025-10,책마루서점,개념단단 국어 중3,1710,12960
2025-10,책마루서점,첫걸음 영어 초5,1820,10160
2025-10,글벗문고,실전만점 수학 고2,3590,13330
2025-10,글벗문고,완성노트 수학 중2,3970,12280
2025-10,한빛서림,기출정복 수학 고2,3610,13970
2025-10,한빛서림,실전만점 수학 고1,2910,12920
2025-10,다온북스,개념단단 수학 중1,3200,10860
2025-10,다온북스,개념단단 영어 중2,2150,11910
2025-10,청람서점,개념단단 영어 중1,2500,11890
2025-10,청람서점,기출정복 영어 고1,2420,13640
2025-11,한솔북센,개념단단 국어 중3,3590,11920
2025-11,한솔북센,기출정복 사회 고2,2460,12250
2025-11,한솔북센,기출정복 영어 고1,5070,12570
2025-11,한솔북센,기출정복 영어 고2,5770,13210
2025-11,한솔북센,실전만점 국어 고1,4530,11920
2025-11,한솔북센,실전만점 수학 고1,4800,11920
2025-11,한솔북센,실전만점 수학 고2,8580,12250
2025-11,대명서적유통,개념단단 국어 중3,2830,12020
2025-11,대명서적유통,기출정복 영어 고1,5410,12670
2025-11,대명서적유통,실전만점 과학 고1,3510,11690
2025-11,대명서적유통,실전만점 수학 고2,10740,12340
2025-11,대명서적유통,완성노트 국어 중2,4530,10070
2025-11,대명서적유통,첫걸음 영어 중1,3310,10390
2025-11,대명서적유통,한권끝 국어 초5,4060,8440
2025-11,북웨이브몰,개념단단 국어 중3,3280,12820
2025-11,북웨이브몰,실전만점 과학 고2,3090,13170
2025-11,북웨이브몰,실전만점 국어 고1,5110,12820
2025-11,북웨이브몰,실전만점 수학 고2,4450,13170
2025-11,북웨이브몰,실전만점 영어 고1,5030,12820
2025-11,북웨이브몰,한권끝 수학 초6,4210,9010
2025-11,남강교재총판,개념단단 국어 중3,2040,11930
2025-11,남강교재총판,기출정복 영어 고2,3730,13220
2025-11,남강교재총판,실전만점 수학 고2,4130,12250
2025-11,남강교재총판,실전만점 영어 고1,3710,11930
2025-11,남강교재총판,완성노트 국어 중2,2080,9990
2025-11,남강교재총판,완성노트 수학 중3,2480,11930
2025-11,남강교재총판,완성노트 영어 중3,2600,10640
2025-11,페이지온몰,개념단단 과학 중1,3700,11030
2025-11,페이지온몰,개념단단 국어 중3,2930,12750
2025-11,페이지온몰,기출정복 영어 고1,3770,13440
2025-11,페이지온몰,기출정복 영어 고2,5760,14130
2025-11,세림북유통,개념단단 수학 중2,3840,11360
2025-11,세림북유통,기출정복 사회 고1,1920,12980
2025-11,세림북유통,기출정복 수학 고2,3540,12980
2025-11,세림북유통,완성노트 과학 중2,2740,10710
2025-11,세림북유통,첫걸음 수학 초5,3320,8760
2025-11,하루책방닷컴,개념단단 수학 중1,2260,10780
2025-11,하루책방닷컴,실전만점 수학 고2,4070,13220
2025-11,하루책방닷컴,실전만점 영어 고1,2960,12870
2025-11,하루책방닷컴,한권끝 영어 초5,2270,9740
2025-11,책마루서점,개념단단 과학 중1,2980,11180
2025-11,책마루서점,개념단단 국어 중1,4540,10480
2025-11,책마루서점,한권끝 과학 초6,2910,9780
2025-11,글벗문고,개념단단 과학 중1,4130,11230
2025-11,글벗문고,실전만점 국어 고2,4530,14390
2025-11,한빛서림,실전만점 국어 고2,2750,14310
2025-11,한빛서림,완성노트 수학 중3,4930,12910
2025-11,다온북스,개념단단 수학 중1,3340,10850
2025-11,다온북스,개념단단 영어 중2,2950,11900
2025-11,청람서점,실전만점 수학 고2,3660,13320
2025-11,청람서점,한권끝 수학 초6,2970,9120
2025-12,한솔북센,개념단단 국어 중3,6410,11910
2025-12,한솔북센,개념단단 사회 중1,3930,10940
2025-12,한솔북센,기출정복 영어 고1,7500,12550
2025-12,한솔북센,기출정복 영어 고2,6070,13200
2025-12,한솔북센,실전만점 수학 고1,6140,11910
2025-12,한솔북센,실전만점 수학 고2,12200,12230
2025-12,한솔북센,실전만점 영어 고2,6560,13200
2025-12,대명서적유통,개념단단 국어 중3,5910,12030
2025-12,대명서적유통,개념단단 수학 중2,6920,11380
2025-12,대명서적유통,개념단단 영어 중1,5800,11060
2025-12,대명서적유통,실전만점 국어 고2,4580,13340
2025-12,대명서적유통,실전만점 수학 고1,6540,12030
2025-12,대명서적유통,실전만점 수학 고2,13300,12360
2025-12,대명서적유통,완성노트 국어 중1,4030,11060
2025-12,북웨이브몰,개념단단 국어 중1,6900,10370
2025-12,북웨이브몰,개념단단 국어 중3,4350,12780
2025-12,북웨이브몰,실전만점 수학 고2,8930,13130
2025-12,북웨이브몰,실전만점 영어 고1,6180,12780
2025-12,북웨이브몰,완성노트 영어 중2,4500,11750
2025-12,북웨이브몰,한권끝 수학 초6,5070,8980
2025-12,남강교재총판,개념단단 국어 중3,2890,11920
2025-12,남강교재총판,개념단단 수학 중2,4320,11270
2025-12,남강교재총판,개념단단 영어 중1,4290,10950
2025-12,남강교재총판,기출정복 영어 고2,4300,13210
2025-12,남강교재총판,실전만점 수학 고2,6830,12240
2025-12,남강교재총판,완성노트 영어 중3,3230,10630
2025-12,남강교재총판,한권끝 수학 초5,3530,9660
2025-12,페이지온몰,기출정복 국어 고1,5570,13430
2025-12,페이지온몰,실전만점 영어 고1,6820,12740
2025-12,페이지온몰,첫걸음 영어 초5,4610,9980
2025-12,페이지온몰,한권끝 수학 초6,6540,8950
2025-12,세림북유통,개념단단 국어 중3,3100,11990
2025-12,세림북유통,개념단단 수학 중1,4710,10050
2025-12,세림북유통,실전만점 영어 고2,3550,13290
2025-12,세림북유통,한권끝 국어 초5,3220,8430
2025-12,세림북유통,한권끝 수학 초6,4840,8430
2025-12,하루책방닷컴,개념단단 사회 중1,3340,11790
2025-12,하루책방닷컴,개념단단 수학 중2,3570,12140
2025-12,하루책방닷컴,기출정복 국어 고1,4560,13520
2025-12,하루책방닷컴,실전만점 국어 고2,2610,14220
2025-12,책마루서점,개념단단 국어 중3,4500,12970
2025-12,책마루서점,실전만점 수학 고1,4840,12970
2025-12,책마루서점,첫걸음 영어 초5,3430,10160
2025-12,글벗문고,개념단단 과학 중1,5300,11210
2025-12,글벗문고,기출정복 과학 고1,5960,14370
2025-12,한빛서림,기출정복 국어 고2,4180,12930
2025-12,한빛서림,완성노트 수학 중3,5800,12930
2025-12,다온북스,개념단단 영어 중2,4640,11890
2025-12,다온북스,완성노트 영어 중3,3550,11540
2025-12,청람서점,개념단단 수학 중2,4380,12260
2025-12,청람서점,한권끝 수학 초6,3810,9110
